step,action,psnr_value,mse_value,ssim_value,rank,action
1,1694,5.466698223166953,0.28405523331664284,0.06071428209543228,1,[ 0  6  9 14]
2,32541,5.293708962304958,0.295620398636963,-0.018797559663653374,2,[ 7 15  1 13]
3,3306,5.237286385696411,0.29948395068448797,-0.026746954768896103,3,[ 0 12 14 10]
4,27927,4.876981077593418,0.35018977762143244,-0.040567487478256226,4,[ 6 13  1  7]
5,49518,5.276936814317782,0.30472749650466113,0.05393166467547417,5,[12  1  6 14]
6,73,5.579418582685971,0.2777057991100378,0.09639060497283936,6,[0 0 4 9]
7,52321,5.642784807144028,0.2737468717662068,0.09822571277618408,7,[12 12  6  1]
8,29931,5.61089348100552,0.27569298370164574,0.1237562745809555,8,[ 7  4 14 11]
9,53388,5.773478115271837,0.26483311296749434,0.11570384353399277,9,[13  0  8 12]
10,49224,5.77153079309528,0.2649541163295339,0.1285783052444458,10,[12  0  4  8]
11,40164,5.764152108464887,0.2654021819574268,0.12869006395339966,11,[ 9 12 14  4]
12,40880,5.712611974383996,0.26853746403452305,0.14505667984485626,12,[ 9 15 11  0]
13,12570,5.802454038510136,0.26432095169923286,0.240831196308136,13,[ 3  1  1 10]
14,26497,6.081422046183579,0.2501052125572887,0.2479095607995987,14,[6 7 8 1]
15,36780,6.065669469407059,0.25240846775953063,0.2735214829444885,15,[ 8 15 10 12]
16,47133,6.026486873120413,0.25411595861910996,0.27285027503967285,16,[11  8  1 13]
17,44861,5.978719996500282,0.2585637110660315,0.2640661597251892,17,[10 15  3 13]
18,53645,6.154108341267542,0.24709640239151912,0.2843843698501587,18,[13  1  8 13]
19,26254,6.245895196713055,0.2404942975229274,0.2816726267337799,19,[ 6  6  8 14]
20,35867,6.093379907824682,0.25839542168568785,0.27332600951194763,20,[ 8 12  1 11]
21,49727,6.105986651600292,0.2585287374977047,0.286937952041626,21,[12  2  3 15]
22,37506,6.1786329899229795,0.25388916327896993,0.3098568320274353,22,[9 2 8 2]
23,4759,6.398460982145316,0.23611102856459976,0.3447197675704956,23,[1 2 9 7]
24,14026,6.509119563903436,0.23027727818116972,0.35746702551841736,24,[ 3  6 12 10]
25,17812,6.794802765028209,0.21172805200437228,0.39257386326789856,25,[4 5 9 4]
26,44430,7.164869520787008,0.19497024711832722,0.41472309827804565,26,[10 13  8 14]
27,38828,7.159697267315154,0.19525654594928454,0.41487178206443787,27,[ 9  7 10 12]
28,12608,7.138217742013392,0.19670136119821358,0.41889235377311707,28,[3 1 4 0]
29,16733,7.138171042608289,0.19671140572925694,0.4191741943359375,29,[ 4  1  5 13]
30,21244,7.1317553821713,0.19540887849724342,0.40576785802841187,30,[ 5  2 15 12]
31,36505,7.125218563453204,0.19571556084623154,0.4067874550819397,31,[ 8 14  9  9]
32,23893,7.129166247631761,0.19546935473637106,0.3986393213272095,32,[ 5 13  5  5]
33,43989,7.160801334971188,0.1934883122661082,0.40509456396102905,33,[10 11 13  5]
34,48160,7.127598003406293,0.19501692064004716,0.4032406210899353,34,[11 12  2  0]
35,52002,7.1286244548988575,0.19615951716131752,0.40613865852355957,35,[12 11  2  2]
36,47471,7.1397896081281145,0.19547716265611825,0.4058038294315338,36,[11  9  6 15]
37,60133,7.070520576954343,0.20013149406725939,0.40993160009384155,37,[14 10 14  5]
38,34059,7.262243509367404,0.19217158082086083,0.4106183648109436,38,[ 8  5  0 11]
39,19347,7.273718006838832,0.191425418971364,0.41242289543151855,39,[ 4 11  9  3]
40,18063,7.320563478855585,0.18933686880457623,0.4125317335128784,40,[ 4  6  8 15]
41,30902,7.347807321610751,0.18814714148743583,0.4112827479839325,41,[ 7  8 11  6]
42,14649,7.347260467755843,0.1889622003943714,0.4131736755371094,42,[3 9 3 9]
43,63905,7.46132350748482,0.1846624974082985,0.42499399185180664,43,[15  9 10  1]
44,44620,7.469236264295272,0.1840486827768686,0.41985857486724854,44,[10 14  4 12]
45,44072,7.464138251783405,0.1846646781399599,0.4187633991241455,45,[10 12  2  8]
46,26893,7.4600370584507925,0.18493955591051758,0.4181402027606964,46,[ 6  9  0 13]
47,63696,7.493234198075832,0.18797320548326013,0.4343792200088501,47,[15  8 13  0]
48,43536,7.806031190014789,0.17377002226302807,0.44451919198036194,48,[10 10  1  0]
49,45506,7.721501922662152,0.17512923551830362,0.4486690163612366,49,[11  1 12  2]
50,47205,7.687408125273111,0.17605689453934303,0.44628575444221497,50,[11  8  6  5]
51,25401,7.752690512491415,0.17300877698494332,0.4539331793785095,51,[6 3 3 9]
52,272,7.894421756216934,0.16752883662749696,0.4716232419013977,52,[0 1 1 0]
53,6483,8.121191686876925,0.1588358237702021,0.4778721332550049,53,[1 9 5 3]
54,6634,8.126167807681847,0.15870561350769388,0.4781217575073242,54,[ 1  9 14 10]
55,53136,8.126407815202715,0.15869831074806026,0.4781498312950134,55,[12 15  9  0]
56,33183,8.145016986338971,0.15800127648153006,0.4758304953575134,56,[ 8  1  9 15]
57,64780,8.242892982742221,0.15473601029151451,0.483154833316803,57,[15 13  0 12]
58,31562,8.256779795525032,0.15435563808032657,0.48263466358184814,58,[ 7 11  4 10]
59,51846,8.24343186700334,0.154413285468479,0.48613980412483215,59,[12 10  8  6]
60,34365,8.259679923049404,0.15364363340921017,0.4854949712753296,60,[ 8  6  3 13]
61,481,8.290651152154448,0.1520193274213103,0.48260363936424255,61,[ 0  1 14  1]
62,15944,8.178643030188825,0.15641221573157083,0.4780743718147278,62,[ 3 14  4  8]
63,44696,8.185465611435651,0.1558352833363692,0.48088952898979187,63,[10 14  9  8]
64,2457,8.18216281282772,0.15598727178592942,0.4822275638580322,64,[0 9 9 9]
65,36165,8.189826392361066,0.15575110725849317,0.48232588171958923,65,[ 8 13  4  5]
66,55067,8.207946963557124,0.1549959018091016,0.4846242666244507,66,[13  7  1 11]
67,60610,8.394586657603213,0.1507690969183173,0.4853496849536896,67,[14 12 12  2]
68,13423,8.388311070223942,0.1509989864375143,0.48532170057296753,68,[ 3  4  6 15]
69,31813,8.397616884590683,0.1503416385245343,0.48621439933776855,69,[ 7 12  4  5]
70,44435,8.438938761060658,0.14908507199532955,0.49311962723731995,70,[10 13  9  3]
71,33427,8.51033010245117,0.14667978650155966,0.497628390789032,71,[8 2 9 3]
72,49564,8.515313939764123,0.14645716463757985,0.49928349256515503,72,[12  1  9 12]
73,25895,8.516367262233578,0.14675801638355956,0.5011385679244995,73,[6 5 2 7]
74,35685,8.562180003392221,0.14511957129812658,0.5030111074447632,74,[ 8 11  6  5]
75,3955,8.548957024408757,0.14549287448420578,0.5021086931228638,75,[ 0 15  7  3]
76,17264,8.573825246964299,0.14283135868650731,0.49879056215286255,76,[4 3 7 0]
77,21535,8.60441101841112,0.141992577454218,0.5017818212509155,77,[ 5  4  1 15]
78,56573,8.642349736422672,0.1407000858029821,0.5024799704551697,78,[13 12 15 13]
79,6687,8.64679806777566,0.1406109575415152,0.5030670166015625,79,[ 1 10  1 15]
80,60254,8.649970791259664,0.140487676589926,0.5031545162200928,80,[14 11  5 14]
81,51953,8.69967052036702,0.13902304809312227,0.5047210454940796,81,[12 10 15  1]
82,38152,8.685289817013684,0.13970092480454163,0.504647970199585,82,[9 5 0 8]
83,7937,8.707301493152569,0.13905033475364914,0.5051947236061096,83,[ 1 15  0  1]
84,39967,8.683437182617464,0.13982215446563329,0.5042100548744202,84,[ 9 12  1 15]
85,60746,8.807556190494681,0.13612298433606895,0.5026569962501526,85,[14 13  4 10]
86,43408,8.922574152814402,0.13305239231798538,0.5099998712539673,86,[10  9  9  0]
87,32377,8.924474748639003,0.1328863495736945,0.5103490352630615,87,[ 7 14  7  9]
88,61019,8.92196735063708,0.13300317464705402,0.5115506649017334,88,[14 14  5 11]
89,19548,8.846813652426489,0.13533017314612772,0.5145681500434875,89,[ 4 12  5 12]
90,1991,8.8563272658924,0.13478954331463822,0.5183172225952148,90,[ 0  7 12  7]
91,60698,8.930894573100229,0.13295536878915026,0.5236880779266357,91,[14 13  1 10]
92,3776,8.963123485900605,0.13206373519175887,0.5251107215881348,92,[ 0 14 12  0]
93,9871,8.95598197047795,0.13264404204851132,0.5227612257003784,93,[ 2  6  8 15]
94,38720,8.960301994705503,0.1323947531797649,0.5229134559631348,94,[9 7 4 0]
95,60567,9.049648565787669,0.12956361205024614,0.5310941934585571,95,[14 12  9  7]
96,26945,9.068678966572447,0.12906637474530758,0.5333741903305054,96,[6 9 4 1]
97,22674,9.098847892556366,0.1282740439190727,0.538388192653656,97,[5 8 9 2]
98,59603,9.140281580751621,0.12713412496991694,0.5392204523086548,98,[14  8 13  3]
99,52402,9.129479893179708,0.12732630674182488,0.5381457805633545,99,[12 12 11  2]
100,61256,9.179598314057237,0.12598923465010614,0.5362118482589722,100,[14 15  4  8]
101,36145,9.233384783549992,0.12462277780162623,0.534241795539856,101,[ 8 13  3  1]
102,28487,9.283686360328826,0.12274982045550775,0.5360813140869141,102,[ 6 15  4  7]
103,22884,9.286507240302832,0.12269180786993461,0.5355682969093323,103,[5 9 6 4]
104,60732,9.284763467599873,0.12278580641103343,0.5342143774032593,104,[14 13  3 12]
105,44822,9.304870368780872,0.12227132561857701,0.5352551937103271,105,[10 15  1  6]
106,18894,9.32083501638351,0.12199172448390705,0.5374250411987305,106,[ 4  9 12 14]
107,61949,9.342707226140828,0.12144941872973902,0.5380693078041077,107,[15  1 15 13]
108,42439,10.237414799899899,0.10020531789766096,0.5886355638504028,108,[10  5 12  7]
109,28278,10.301756225038933,0.09879694464551392,0.5920873880386353,109,[ 6 14  7  6]
110,37257,10.733378145924046,0.08945467392348405,0.6035674810409546,110,[9 1 8 9]
111,21301,10.959046586333926,0.08487369565187386,0.6062730550765991,111,[5 3 3 5]
112,44296,10.930223215875793,0.08541166252926402,0.6080745458602905,112,[10 13  0  8]
113,26652,10.932181113781244,0.08537709192461751,0.6081023216247559,113,[ 6  8  1 12]
114,853,11.003332662680672,0.08407662624870937,0.6123660802841187,114,[0 3 5 5]
115,11480,11.004279372014743,0.08405600690725734,0.6125355958938599,115,[ 2 12 13  8]
116,6322,10.996282365194423,0.08410062549069508,0.6131767630577087,116,[ 1  8 11  2]
117,50328,11.055222989796443,0.08297750469515819,0.615228533744812,117,[12  4  9  8]
118,19864,11.09024843397588,0.08269746099027153,0.6190886497497559,118,[ 4 13  9  8]
119,64588,11.109358091107921,0.08235714480450973,0.6204463243484497,119,[15 12  4 12]
120,26769,11.109449078758757,0.08235685388380531,0.6235933899879456,120,[6 8 9 1]
121,20926,11.154118829415665,0.08156811931500774,0.6222449541091919,121,[ 5  1 11 14]
122,22877,11.16245842467974,0.08130000308684338,0.6246735453605652,122,[ 5  9  5 13]
123,62675,11.209550227696948,0.08043702072614423,0.6275655031204224,123,[15  4 13  3]
124,24918,11.215662300586812,0.08034881960977991,0.6283043622970581,124,[6 1 5 6]
125,31822,11.228144237857528,0.08013381992288195,0.6283621788024902,125,[ 7 12  4 14]
126,35826,11.3080892373778,0.07861383758898646,0.628217339515686,126,[ 8 11 15  2]
127,31252,11.348180193578692,0.07789258603483207,0.6305149793624878,127,[ 7 10  1  4]
128,2648,11.529661656594625,0.07499973038304558,0.6343315839767456,128,[ 0 10  5  8]
129,4847,11.85010096670473,0.0701010455143325,0.6466565132141113,129,[ 1  2 14 15]
130,58570,11.85660178209896,0.07005613156403534,0.6462574005126953,130,[14  4 12 10]
131,36330,11.927988820659099,0.0686959752281231,0.6490856409072876,131,[ 8 13 14 10]
132,25342,11.961306405380084,0.0677452585785403,0.6489824056625366,132,[ 6  2 15 14]
133,27973,11.989041181770075,0.06733006137527253,0.6477870941162109,133,[ 6 13  4  5]
134,20275,11.997438174022449,0.06718727460416708,0.6486678719520569,134,[ 4 15  3  3]
135,52725,12.051153374227129,0.06635527897651056,0.6493419408798218,135,[12 13 15  5]
136,47041,12.039031446435498,0.06617425426902734,0.6524872183799744,136,[11  7 12  1]
137,58413,12.031104256228407,0.06624976838624076,0.6491605043411255,137,[14  4  2 13]
138,35951,12.038902474632225,0.06584183888197975,0.6404098272323608,138,[ 8 12  6 15]
139,48893,12.077675222715598,0.06534634086532777,0.6442338824272156,139,[11 14 15 13]
140,41666,12.025557851985123,0.06609336919495234,0.6469042301177979,140,[10  2 12  2]
141,19863,12.08403549047237,0.06535674683437065,0.6482428312301636,141,[ 4 13  9  7]
142,27453,12.110910431224957,0.064985834898029,0.6490422487258911,142,[ 6 11  3 13]
143,11311,12.150150208804005,0.06431219551615902,0.6518535614013672,143,[ 2 12  2 15]
144,59868,12.225773128492214,0.06320512189792638,0.6534034013748169,144,[14  9 13 12]
145,52905,12.229385880795702,0.06317049545695363,0.6535714864730835,145,[12 14 10  9]
146,16372,12.229349478157676,0.06318009832978433,0.6535054445266724,146,[ 3 15 15  4]
147,27807,12.312750624262364,0.06205539194020798,0.650422990322113,147,[ 6 12  9 15]
148,56085,12.295572679625488,0.062247384332106304,0.6509978771209717,148,[13 11  1  5]
149,10277,12.293172223829878,0.06226626765973364,0.6509066224098206,149,[2 8 2 5]
150,49839,12.289540201046396,0.062307644387551875,0.6510986089706421,150,[12  2 10 15]
151,8591,12.357201675930227,0.06127945327717299,0.657142162322998,151,[ 2  1  8 15]
152,23300,12.313345525603236,0.06182895373399422,0.6582672595977783,152,[ 5 11  0  4]
153,29141,12.457565042347909,0.05996095201409489,0.6511055827140808,153,[ 7  1 13  5]
154,50925,12.47823080639473,0.05971640144225532,0.656269907951355,154,[12  6 14 13]
155,37975,12.47295719153506,0.05979660705516199,0.6563528776168823,155,[9 4 5 7]
156,52543,12.592812030950553,0.058363206340768414,0.6632699966430664,156,[12 13  3 15]
157,58999,12.784182943628144,0.05596097769754804,0.6680949330329895,157,[14  6  7  7]
158,15272,12.860116398941539,0.05506910452461078,0.6762982606887817,158,[ 3 11 10  8]
159,34343,12.904048846570046,0.05456809610934377,0.670609712600708,159,[8 6 2 7]
160,61409,12.926843612372942,0.054386189943444574,0.6762957572937012,160,[14 15 14  1]
161,23920,12.94138139842275,0.054205775046637594,0.6762567758560181,161,[ 5 13  7  0]
162,50740,13.161211342899772,0.051656254787024736,0.6805497407913208,162,[12  6  3  4]
163,5862,13.155082809591017,0.05171768684255085,0.6803510189056396,163,[ 1  6 14  6]
164,27130,13.349775765325445,0.049177486074395205,0.6972309350967407,164,[ 6  9 15 10]
165,64097,13.350101372516349,0.04917673290927696,0.6970825791358948,165,[15 10  6  1]
166,63185,13.392498505932418,0.04869130622424078,0.6970189213752747,166,[15  6 13  1]
167,58263,13.398290592185308,0.04865660033568009,0.6966071128845215,167,[14  3  9  7]
168,8933,13.41406499402467,0.04852046816518063,0.6950949430465698,168,[ 2  2 14  5]
169,31250,13.460190577014357,0.04815379038221085,0.6964768767356873,169,[ 7 10  1  2]
170,13465,13.810312414178075,0.04414271752823162,0.7049306631088257,170,[3 4 9 9]
171,42655,13.80448496723478,0.04416074657093283,0.703137993812561,171,[10  6  9 15]
172,24714,13.864219061591962,0.0435786780603169,0.7047544717788696,172,[ 6  0  8 10]
173,1700,14.30695021270029,0.03960621976615872,0.7225604057312012,173,[ 0  6 10  4]
174,5326,14.307922684193882,0.039597641415435425,0.7225527763366699,174,[ 1  4 12 14]
175,58915,14.33932304983216,0.03930224941648626,0.7236870527267456,175,[14  6  2  3]
176,2299,14.347242921935983,0.039249631563672366,0.723577618598938,176,[ 0  8 15 11]
177,20729,14.499033073270336,0.03782180931809975,0.728878378868103,177,[ 5  0 15  9]
178,12942,14.490207603022508,0.038036873701952134,0.7271939516067505,178,[ 3  2  8 14]
179,64441,14.52041707235068,0.03776152900400698,0.727531373500824,179,[15 11 11  9]
180,37385,14.529481622454362,0.037607178439068856,0.7264553308486938,180,[9 2 0 9]
181,21815,14.869833990879957,0.03478539901784605,0.7356277704238892,181,[5 5 3 7]
182,60120,14.86658776186542,0.03481481924783627,0.7354062795639038,182,[14 10 13  8]
183,58137,14.889004069974392,0.034676775049088615,0.737960159778595,183,[14  3  1  9]
184,55696,14.956554164812141,0.034094840492668366,0.7379094958305359,184,[13  9  9  0]
185,52504,14.973587780084712,0.03395058100670173,0.7387313842773438,185,[12 13  1  8]
186,57167,15.00210457702286,0.03365085875216134,0.7416309118270874,186,[13 15  4 15]
187,4851,15.907349510664112,0.02756111620659253,0.7504628896713257,187,[ 1  2 15  3]
188,53737,15.921248165153802,0.027503642938852657,0.7506685256958008,188,[13  1 14  9]
189,53730,15.934422666887794,0.027439710823666523,0.7525509595870972,189,[13  1 14  2]
190,2940,15.95308681761347,0.027374083712621733,0.7522706985473633,190,[ 0 11  7 12]
191,8004,16.014792524713172,0.02712299856843181,0.7517276406288147,191,[ 1 15  4  4]
192,40190,16.017350168969372,0.027106292030574283,0.7519723176956177,192,[ 9 12 15 14]
193,42183,16.241551832949025,0.025803363797812798,0.7538551092147827,193,[10  4 12  7]
194,61507,16.24645116569233,0.025778351344657446,0.753983199596405,194,[15  0  4  3]
195,36468,16.24927095870193,0.02572361509296206,0.755273699760437,195,[ 8 14  7  4]
196,54554,16.267553668004783,0.025632812518529113,0.7579841017723083,196,[13  5  1 10]
197,42365,16.28201097892044,0.025532231633746308,0.75816810131073,197,[10  5  7 13]
198,43954,16.311696247452588,0.025370974385349812,0.7593451142311096,198,[10 11 11  2]
199,27277,16.394995602069134,0.024950351222568286,0.7606606483459473,199,[ 6 10  8 13]
200,58968,16.3958731393136,0.024954569446977992,0.7607685327529907,200,[14  6  5  8]
201,65326,16.39379596500026,0.024969742698242384,0.7597101926803589,201,[15 15  2 14]
202,12794,16.45065416365465,0.024686728753366846,0.7604089379310608,202,[ 3  1 15 10]
203,32107,16.573433641009817,0.023860140853999567,0.7689731121063232,203,[ 7 13  6 11]
204,50610,16.573306532210395,0.023860896489525274,0.768973708152771,204,[12  5 11  2]
205,37695,16.577152365335312,0.023846187369771954,0.7692213654518127,205,[ 9  3  3 15]
206,34816,16.684208339398367,0.023239022374253404,0.7740640640258789,206,[8 8 0 0]
207,19617,16.68534558391932,0.023253416559913198,0.7729750275611877,207,[ 4 12 10  1]
208,27394,16.678046469363213,0.02329112265274158,0.7736325263977051,208,[ 6 11  0  2]
209,17151,16.65736900306215,0.023355949787525754,0.7732061147689819,209,[ 4  2 15 15]
210,10124,16.671343195828573,0.023299925161724522,0.7729214429855347,210,[ 2  7  8 12]
211,817,16.765769247437802,0.022820731778716075,0.785676896572113,211,[0 3 3 1]
212,33655,16.858989667748038,0.0223973905772189,0.7829607129096985,212,[8 3 7 7]
213,61407,16.966154934144523,0.02180791201212852,0.787556529045105,213,[14 15 13 15]
214,18568,17.144793573741314,0.02102477524504609,0.7903828620910645,214,[4 8 8 8]
215,20465,17.164449418128505,0.020906194227271302,0.7912992835044861,215,[ 4 15 15  1]
216,19834,17.18436698716719,0.020842818626626958,0.792084813117981,216,[ 4 13  7 10]
217,199,17.19206659359414,0.020802637631605947,0.7925758361816406,217,[ 0  0 12  7]
218,64934,17.186125381965876,0.020835619861226506,0.7927502393722534,218,[15 13 10  6]
219,41394,17.308922758162286,0.02021054416551804,0.7925295233726501,219,[10  1 11  2]
220,14504,17.41712390135057,0.019628225202500404,0.7945975661277771,220,[ 3  8 10  8]
221,40987,17.43932281288499,0.019541070387441906,0.7966516017913818,221,[10  0  1 11]
222,3552,17.596146713585767,0.018896571454322636,0.7921645641326904,222,[ 0 13 14  0]
223,64362,17.596147863399274,0.018956437500972534,0.790949821472168,223,[15 11  6 10]
224,64794,17.631123331193756,0.018803271602306826,0.7947534322738647,224,[15 13  1 10]
225,19218,17.636662880414924,0.01877669539890814,0.7944613695144653,225,[ 4 11  1  2]
226,43086,17.982096495880896,0.01772449386421303,0.795295774936676,226,[10  8  4 14]
227,63669,18.183204931376544,0.016766748955396427,0.8025240302085876,227,[15  8 11  5]
228,65357,18.201293128414846,0.016662548730173476,0.8028096556663513,228,[15 15  4 13]
229,60662,18.277310904342173,0.016388857100447185,0.8009144067764282,229,[14 12 15  6]
230,51213,18.457233462695463,0.015629363663670848,0.8064072132110596,230,[12  8  0 13]
231,718,18.49985176059238,0.015475374893268778,0.8097072839736938,231,[ 0  2 12 14]
232,6089,18.663262455882577,0.014869048422205003,0.8090906739234924,232,[ 1  7 12  9]
233,36259,18.924012273302353,0.013954350880432287,0.8099883794784546,233,[ 8 13 10  3]
234,11333,18.92273272273904,0.013958106467005571,0.8099790215492249,234,[ 2 12  4  5]
235,32494,19.14969027268884,0.013195916567672938,0.8185425996780396,235,[ 7 14 14 14]
236,5529,19.36163015519352,0.012558424738743745,0.8181725144386292,236,[1 5 9 9]
237,27475,19.37935857743915,0.012500519391496878,0.8202829360961914,237,[ 6 11  5  3]
238,7922,19.400470229241705,0.012437138514462175,0.8212116956710815,238,[ 1 14 15  2]
239,12332,19.474520348479533,0.012301708839800252,0.8215677738189697,239,[ 3  0  2 12]
240,17885,19.68929420161553,0.011817059065054064,0.8240965604782104,240,[ 4  5 13 13]
241,27269,19.702317508995034,0.011787522934608573,0.824866771697998,241,[ 6 10  8  5]
242,22902,19.70665307446613,0.01176717240560092,0.8244125843048096,242,[5 9 7 6]
243,32143,19.718398921884837,0.011733411881992728,0.8247802257537842,243,[ 7 13  8 15]
244,49769,19.79271712109374,0.01148758451543691,0.8301916122436523,244,[12  2  6  9]
245,34647,19.800137309432387,0.011465833425961025,0.8305848240852356,245,[8 7 5 7]
246,46858,19.842219696545282,0.011323621188581212,0.832492470741272,246,[11  7  0 10]
247,52608,19.96925838891993,0.011018496072758732,0.8402838706970215,247,[12 13  8  0]
248,29249,20.064501982086473,0.010788207373283176,0.8409782648086548,248,[7 2 4 1]
249,2102,20.079215202254424,0.010728179059086407,0.8438759446144104,249,[0 8 3 6]
250,16422,20.09175847450645,0.01067907519008672,0.8410424590110779,250,[4 0 2 6]
251,24200,20.090241962575316,0.010682111174495482,0.841064989566803,251,[ 5 14  8  8]
252,43242,20.11019583708821,0.01062049253755283,0.8419404029846191,252,[10  8 14 10]
253,51927,20.11685046811602,0.010602707026691069,0.8426269292831421,253,[12 10 13  7]
254,51900,20.11580486221427,0.010586699098438457,0.84190833568573,254,[12 10 11 12]
255,18505,20.127160542933133,0.01052862013655144,0.8429152965545654,255,[4 8 4 9]
256,33832,20.117218613195963,0.010542986147475508,0.8427071571350098,255,[8 4 2 8]
257,49976,20.121430315977705,0.010538018155247242,0.8437179327011108,255,[12  3  3  8]
258,60835,20.17211579052737,0.01040174960733814,0.8441421389579773,255,[14 13 10  3]
259,1573,20.189261947996794,0.01035448198153155,0.8417906761169434,255,[0 6 2 5]
260,24263,20.18927873967046,0.010354124988690927,0.8417879939079285,255,[ 5 14 12  7]
261,16023,20.274490410824612,0.01015353578821089,0.847367525100708,255,[ 3 14  9  7]
262,65018,20.31456582651633,0.010058199955174985,0.8480477333068848,255,[15 13 15 10]
263,36230,20.322441651994176,0.010039192241263706,0.8480751514434814,255,[ 8 13  8  6]
264,42725,20.35998688925515,0.009961688257518642,0.843313455581665,255,[10  6 14  5]
265,50345,20.391639549932226,0.009874624740251702,0.8435158729553223,255,[12  4 10  9]
266,7122,20.415531310918663,0.009811835628770707,0.8440300226211548,255,[ 1 11 13  2]
267,46097,20.421276082484262,0.009771723474822136,0.843991756439209,255,[11  4  1  1]
268,39190,20.583579143446382,0.009440195841512233,0.8423309326171875,255,[9 9 1 6]
269,59416,20.61428749859882,0.009349993534923134,0.8431260585784912,255,[14  8  1  8]
270,18668,20.614668549672253,0.009348102411195228,0.8431171178817749,256,[ 4  8 14 12]
271,21933,20.637888613382348,0.00930087993027795,0.8427286744117737,256,[ 5  5 10 13]
272,45947,20.636400506701357,0.00930330969316212,0.842642605304718,256,[11  3  7 11]
273,42408,20.635165753079903,0.009302419285941499,0.8435114622116089,256,[10  5 10  8]
274,43186,20.66498370424449,0.009239638124223237,0.846265971660614,256,[10  8 11  2]
275,58009,20.6675637264139,0.009237282813486763,0.8470039367675781,256,[14  2  9  9]
276,52702,20.666125655734227,0.009238754779504754,0.8468265533447266,256,[12 13 13 14]
277,39555,20.66619667175356,0.009236960419462648,0.8468399047851562,256,[ 9 10  8  3]
278,26005,20.678665159132557,0.009219266436133022,0.8470273613929749,256,[6 5 9 5]
279,34779,20.726724325895276,0.009125629846820596,0.8498690128326416,256,[ 8  7 13 11]
280,34711,20.758389084610222,0.009056723677491845,0.8505345582962036,256,[8 7 9 7]
281,18851,20.75990327573801,0.009050463894554581,0.8504295945167542,256,[ 4  9 10  3]
282,5027,20.778251725162868,0.009017046792722305,0.8504316806793213,256,[ 1  3 10  3]
283,30808,20.876682774180995,0.008796055695061061,0.8467963933944702,256,[7 8 5 8]
284,2759,20.882017284818847,0.008785079816189395,0.8472394943237305,256,[ 0 10 12  7]
285,58447,20.957026318025363,0.008629097641656626,0.8491522073745728,256,[14  4  4 15]
286,24381,21.031049705133892,0.008500114311868437,0.8526110649108887,256,[ 5 15  3 13]
287,50736,21.067556260329443,0.008398150827358938,0.8554060459136963,256,[12  6  3  0]
288,19252,21.054005479151357,0.008357768430462667,0.857162594795227,256,[ 4 11  3  4]
289,18104,21.054009856665708,0.008358895684188586,0.8569777011871338,256,[ 4  6 11  8]
290,11126,21.05992547338543,0.008343984753428166,0.8584646582603455,256,[ 2 11  7  6]
291,14891,21.070270231160357,0.008325361968936795,0.8583640456199646,256,[ 3 10  2 11]
292,35745,21.094699305326486,0.008275765919750447,0.8584480881690979,256,[ 8 11 10  1]
293,27102,21.138788096542903,0.008194622177615143,0.8590438365936279,256,[ 6  9 13 14]
294,32880,21.134958406348087,0.00819705333238642,0.8591185808181763,256,[8 0 7 0]
295,6944,21.215987253329747,0.008046467059078544,0.8594825863838196,256,[ 1 11  2  0]
296,22115,21.2587538386086,0.007992968307173214,0.8642597198486328,256,[5 6 6 3]
297,1368,21.270937132717084,0.007970815776047746,0.8648067712783813,256,[0 5 5 8]
298,45788,21.544197610316623,0.007516544227227306,0.8669724464416504,256,[11  2 13 12]
299,11211,21.543980170821545,0.007517031505001548,0.8669842481613159,256,[ 2 11 12 11]
300,35119,21.59215584304476,0.007433111268125597,0.8668689727783203,256,[ 8  9  2 15]
301,6709,21.59771803960663,0.007423417584656186,0.867088794708252,256,[ 1 10  3  5]
302,54297,21.604637517126424,0.0073873415931432485,0.8659073114395142,256,[13  4  1  9]
303,43468,21.597507034746435,0.007396486864455876,0.8659811019897461,256,[10  9 12 12]
304,21943,21.6082653422663,0.007373634362613471,0.8660123348236084,256,[ 5  5 11  7]
305,13784,21.60953759752138,0.007372890959437953,0.8661299347877502,256,[ 3  5 13  8]
306,22219,21.61326412255303,0.007367598662033584,0.866274893283844,256,[ 5  6 12 11]
307,39507,21.61416316051266,0.007365867265952633,0.8663086891174316,256,[ 9 10  5  3]
308,24375,21.662148153227893,0.0072883673052264175,0.8672730922698975,256,[ 5 15  3  7]
309,59073,21.668146027993764,0.0072812671119151405,0.8679953813552856,256,[14  6 12  1]
310,25146,21.665385496405637,0.0072967101004061475,0.8684121370315552,256,[ 6  2  3 10]
311,16603,21.737716518907444,0.007173068606747601,0.8689216375350952,256,[ 4  0 13 11]
312,2123,21.728149836302425,0.00718869646946102,0.8675795197486877,256,[ 0  8  4 11]
313,7105,21.750250234584243,0.007147899769628097,0.8666647672653198,256,[ 1 11 12  1]
314,60375,21.751459398781336,0.00714675135882108,0.866653323173523,256,[14 11 13  7]
315,54893,21.74571457251689,0.007150078403433013,0.8667080402374268,256,[13  6  6 13]
316,30394,21.795254839015648,0.007061662146787218,0.8678649663925171,256,[ 7  6 11 10]
317,58753,21.80145352357412,0.007053061397552421,0.8684046864509583,256,[14  5  8  1]
318,43159,21.810960349691758,0.007032678807528156,0.8682910203933716,256,[10  8  9  7]
319,56948,21.810937545386537,0.007032688636325141,0.8683004379272461,256,[13 14  7  4]
320,11523,21.854667775400163,0.006952518343552523,0.8680225014686584,256,[ 2 13  0  3]
321,58746,21.973393449847872,0.006781384233303461,0.868910551071167,256,[14  5  7 10]
322,64951,21.965906854881506,0.006793784786330859,0.8688361048698425,256,[15 13 11  7]
323,24352,21.969821850365612,0.0067879089704043355,0.8690503239631653,256,[ 5 15  2  0]
324,5323,22.054430829620667,0.006656598659118371,0.8710560202598572,256,[ 1  4 12 11]
325,53040,22.138838337228336,0.006543794794628133,0.8717427253723145,256,[12 15  3  0]
326,27946,22.140567486129363,0.0065391755570313095,0.8720299005508423,256,[ 6 13  2 10]
327,27737,22.292286484231543,0.006324403413522861,0.8738255500793457,256,[ 6 12  5  9]
328,9614,22.314073891092193,0.006289445866813903,0.8745484948158264,256,[ 2  5  8 14]
329,40648,22.371111437326054,0.0062032568852299665,0.8752306699752808,256,[ 9 14 12  8]
330,64495,22.458077328151873,0.00607823501930066,0.8772192001342773,256,[15 11 14 15]
331,59028,22.46460096637132,0.006069207924078862,0.8768019676208496,256,[14  6  9  4]
332,40185,22.466383874559654,0.006067570746129222,0.8767136335372925,256,[ 9 12 15  9]
333,52041,22.560635606422714,0.005917100901535133,0.8765642642974854,256,[12 11  4  9]
334,32520,22.55939155869694,0.005917686327120419,0.8766528964042664,256,[ 7 15  0  8]
335,20401,22.58393689613103,0.005874685667772606,0.8888417482376099,256,[ 4 15 11  1]
336,47547,22.67059140232321,0.00575943624522296,0.888846218585968,256,[11  9 11 11]
337,28480,22.67521629342943,0.005751904553035467,0.8890519738197327,256,[ 6 15  4  0]
338,47407,22.681228628582954,0.0057439186021121524,0.8900052309036255,256,[11  9  2 15]
339,36889,22.688674936018828,0.0057297402377340795,0.8906365633010864,256,[9 0 1 9]
340,6223,23.11973797451828,0.0051804965076457515,0.8963624238967896,256,[ 1  8  4 15]
341,40928,23.146758858657506,0.005143212483542603,0.8966476917266846,256,[ 9 15 14  0]
342,50338,23.16368022013957,0.005126194917390258,0.896154522895813,256,[12  4 10  2]
343,3141,23.17063524500828,0.005117753521684323,0.896384060382843,256,[ 0 12  4  5]
344,15009,23.187165563046733,0.005086254919181835,0.9003580808639526,256,[ 3 10 10  1]
345,40054,23.18780206915322,0.005085692399610257,0.900647759437561,256,[ 9 12  7  6]
346,50722,23.19087004019876,0.005082054794899052,0.9005962014198303,256,[12  6  2  2]
347,19523,23.20777310525861,0.0050602387518305526,0.8998429775238037,256,[ 4 12  4  3]
348,38867,23.211179837506712,0.005058365652140129,0.8996177911758423,256,[ 9  7 13  3]
349,48286,23.235020253792268,0.005026910558904139,0.8993215560913086,256,[11 12  9 14]
350,19558,23.235761801623397,0.005024051887267639,0.8987336158752441,256,[ 4 12  6  6]
351,53501,23.23605767635792,0.005023699447760412,0.8987094759941101,256,[13  0 15 13]
352,48067,23.248874541813013,0.005001528669917363,0.8979653716087341,256,[11 11 12  3]
353,23371,23.254444431817035,0.004994706110032679,0.8982806205749512,256,[ 5 11  4 11]
354,49673,23.274229441018818,0.004973715142379376,0.8978999853134155,256,[12  2  0  9]
355,58864,23.560173687480024,0.004632856796757679,0.9003239870071411,256,[14  5 15  0]
356,63065,24.293866258017054,0.003968953417316193,0.9043012857437134,256,[15  6  5  9]
357,41292,24.294489371835162,0.003966838150325475,0.9041974544525146,256,[10  1  4 12]
358,51998,24.28786640944571,0.003971402162547016,0.9040753841400146,256,[12 11  1 14]
359,19671,24.669310500198655,0.0036602315969364654,0.9097700119018555,256,[ 4 12 13  7]
360,25409,24.67151749023376,0.00365889720339033,0.9098249673843384,256,[6 3 4 1]
361,25771,24.672016090217944,0.0036585564682676056,0.9098226428031921,256,[ 6  4 10 11]
362,9397,24.801550917455387,0.0035475843072146213,0.9123644232749939,256,[ 2  4 11  5]
363,10064,24.804133993335356,0.0035438423613776138,0.9126393795013428,256,[2 7 5 0]
364,46971,25.509571544112227,0.0030226919048100577,0.9212539196014404,256,[11  7  7 11]
365,29151,25.51009849431873,0.0030225829492025406,0.9211323857307434,256,[ 7  1 13 15]
366,64955,25.513920419662192,0.0030235101444139965,0.9206337332725525,256,[15 13 11 11]
367,59683,25.55403773292578,0.0029971069626423107,0.9209911227226257,256,[14  9  2  3]
368,58216,25.565932290591874,0.002989483074387701,0.9212015867233276,256,[14  3  6  8]
369,11600,25.59911884940086,0.002966349038221683,0.9216489195823669,256,[ 2 13  5  0]
370,33786,25.651701304065444,0.00291765413076216,0.924616277217865,256,[ 8  3 15 10]
371,4457,25.652090954062317,0.0029173790515041077,0.924614667892456,256,[1 1 6 9]
372,8303,26.072056922734,0.002647855302015209,0.9266300201416016,256,[ 2  0  6 15]
373,8587,26.076363772397006,0.002645893981907038,0.9267987012863159,256,[ 2  1  8 11]
374,60269,26.071132299316027,0.0026490053881153275,0.9268008470535278,256,[14 11  6 13]
375,42026,26.06650056990141,0.00265149697373865,0.9267007112503052,256,[10  4  2 10]
376,5017,26.063190093112336,0.0026527211730645057,0.926600992679596,256,[1 3 9 9]
377,15881,26.30826003457193,0.0025151961930530153,0.928054690361023,256,[ 3 14  0  9]
378,29942,26.31074898351722,0.0025128927122137767,0.9281090497970581,256,[ 7  4 15  6]
379,58128,26.310674929777225,0.0025100552272575016,0.9280420541763306,256,[14  3  1  0]
380,48606,26.42129594893362,0.0024374476406590767,0.9280016422271729,256,[11 13 13 14]
381,18502,26.420862692900364,0.0024374271444584372,0.9280139207839966,256,[4 8 4 6]
382,48463,26.42619604597271,0.0024354201199285747,0.9281253814697266,256,[11 13  4 15]
383,12936,26.4274509542432,0.0024343323079903173,0.9286162853240967,256,[3 2 8 8]
384,65495,26.434118910875668,0.002431074817867203,0.9286363124847412,256,[15 15 13  7]
