step,action,psnr_value,mse_value,ssim_value
1,15306,37.606825756693446,11.282303679203292,0.015490474428582292
2,3706,37.71107617566993,11.01470178146514,0.028944485399689007
3,4412,37.75485918610685,10.904215911377229,0.08390350325603503
4,10482,37.88400858396868,10.584723130712806,0.11959052060071078
5,2472,37.97847411134031,10.35697551988052,0.10077297874769983
6,869,37.98561407359314,10.339962257295888,0.0864843367125509
7,168,38.13720500773286,9.985271091664337,0.09756428042664034
8,16223,38.137946882082844,9.983565524558834,0.09759891310887353
9,7075,38.210283303657874,9.81865568042972,0.0487804088409538
10,4566,38.21519179868021,9.80756468126762,0.03794897248479087
11,3793,38.219301653635036,9.798287887793514,0.05133546677958908
12,18463,38.250328048212545,9.728537472239745,0.06249534270307918
13,18742,38.29335698752974,9.632625192298255,0.13967565174185978
14,7008,38.3070737543853,9.602249481454372,0.12295348050638827
15,1858,38.41396114725151,9.368806000902726,0.13485477963192968
16,12911,38.433423913348406,9.326913940284015,0.10380819804897073
17,18128,38.43369404204235,9.326333829591125,0.10299274735016227
18,3288,38.50096625737693,9.182982044269728,0.1211789019991249
19,9241,38.51487567931107,9.153618179201905,0.10664795697364615
20,6019,38.51677477906037,9.149616324590339,0.11674773344805921
21,14075,38.572388026815744,9.033198592474402,0.18867982145083817
22,5663,38.573472800408034,9.030942576795818,0.17918070772816183
23,9008,38.592405877282005,8.99165785717755,0.1402932474825257
24,1800,38.85314647182799,8.467704885601826,0.2093885450761506
25,5498,38.86155535300051,8.451325438356934,0.20936764502564775
26,16431,38.87287235008471,8.429331348689999,0.22372995007360508
27,13261,38.92040053920565,8.337585623078542,0.24148945546140954
28,19199,38.95288284006717,8.275458723979234,0.24034783720718542
29,13849,39.11698250356708,7.9686015307880025,0.2675421333698567
30,13175,39.12683092831917,7.950551737108352,0.2716581640276077
31,16596,39.30719894664858,7.6271180130593486,0.2902778248305974
32,2303,39.37564102894409,7.507861595496069,0.3327398841784
33,13278,39.440269190291545,7.396962923276598,0.3261836441322415
34,13472,39.43992513052469,7.397548953783152,0.32613322722008775
35,4931,39.440386310068845,7.396763445962248,0.32544484295165926
36,636,39.48911544691761,7.314233424405344,0.3291753088777932
37,7218,39.51379936565665,7.2727795620023885,0.335008145267727
38,4874,39.55415453326195,7.205513024625948,0.3739495105332671
39,1978,39.58127064132172,7.160664015516813,0.39000743209274424
40,6870,39.58051059865757,7.161917286428159,0.39106611642497174
41,17045,39.58114545897706,7.160870419619834,0.3894989071066686
42,872,39.58286593641139,7.158034169916588,0.39248220388900745
43,1632,39.75751838138224,6.8758837062018525,0.40308543475579944
44,13773,39.81396269865215,6.787097545511177,0.39263022317381774
45,15241,39.90037105580396,6.653394200295198,0.3525134117888441
46,13387,39.898781239650006,6.655830245497923,0.3524839399682448
47,5383,39.90717153243561,6.642984018419296,0.3536077148380452
48,924,39.90605460282666,6.6446926976789955,0.35389431949766986
49,20384,39.907519193885896,6.642452255498892,0.35704595316427906
50,6024,39.915644593209045,6.630036228818565,0.3571293259500967
51,17551,39.91759597684007,6.627057872303968,0.3542991794654079
52,11817,39.91916900945559,6.624657959128099,0.3546283013302409
53,4928,39.993676688732066,6.511974511214614,0.35223136046716363
54,13228,40.0105618097607,6.486705480919866,0.3591675772719432
55,3302,40.0354932040312,6.449574154630472,0.36957899688579166
56,13626,40.09340944179199,6.364135484915742,0.3144607205361855
57,10772,40.28170356419263,6.094106006185004,0.35126530974444914
58,2596,40.346466467810345,6.0039036495970715,0.3368590114994038
59,19528,40.63583358001226,5.61690402030021,0.40306679181173827
60,8130,40.64588442596598,5.60391989006602,0.40124710623081583
61,16837,40.650058379003184,5.5985366160771575,0.40285431029805596
62,9797,40.6932363007607,5.5431512744010325,0.3876854081832266
63,7482,40.69871486480707,5.536163075409879,0.38102624871406715
64,6683,40.85499595929693,5.340485803625833,0.37509478260021034
65,7449,40.90148279495179,5.283626155197384,0.3738194949629048
66,4988,40.93489740786861,5.243129929790533,0.383516608051323
67,7595,40.946565560084466,5.229062164371107,0.3814394212962608
68,5980,41.12100325004948,5.023194978041861,0.42709091306540004
69,4268,41.209179229566345,4.922236062300266,0.4176663590409829
70,13171,41.32668278263742,4.790844585338181,0.43775992483868836
71,7446,41.44462222312424,4.662492417724436,0.4434265986095157
72,818,41.57488482346093,4.524721763681908,0.5273412594619675
73,20505,41.57672297575159,4.522807079485737,0.5330200695716854
74,7497,41.77291684023854,4.323034255198812,0.5176428706561668
75,5676,41.77880695255257,4.317175120675997,0.5133345324702898
76,18458,41.959024310090165,4.141693246740335,0.5255325920923027
77,8119,41.96417351329824,4.1367855669921205,0.5244872549714373
78,20385,42.2215477749417,3.8987517560180933,0.5648911696512207
79,20087,42.288553346732634,3.839061118330822,0.5699100734046125
80,11942,42.415644609278814,3.7283433451782435,0.5519084708791167
81,11944,42.43157963519014,3.7146884662133406,0.5536268841131681
82,13562,42.59885117527929,3.5743349141181846,0.5843674443899181
83,6324,42.67873812844401,3.509187292541596,0.5910322157181361
84,15950,42.678708131065804,3.5092115311138907,0.5890778820957139
85,1011,42.680990364506414,3.507367912032529,0.5891463298709922
86,1460,42.81933085185055,3.397404640745121,0.5810697732786758
87,6573,42.92262742049006,3.3175510833804984,0.5896259516265849
88,9456,42.930241065737476,3.3117401577381114,0.5891416148272007
89,15510,42.930038165828854,3.3118948839665703,0.5877413684371308
90,9758,42.94747575281676,3.2986237805805376,0.5911547568834357
91,5779,43.10025703785805,3.184598286425471,0.5817389732102459
92,20284,43.17879081872559,3.127528521952248,0.6026523156312878
93,20250,43.29470218216082,3.045160183785823,0.6126260837770636
94,9861,43.324806284519106,3.0241249580136347,0.6102926074791641
95,14342,43.38440984694303,2.982904684508947,0.6383805353283065
96,720,43.44606480393719,2.9408568181509285,0.6250416143372107
97,17501,43.609432824627675,2.8322858223945397,0.6107896521147449
98,6098,43.66940414550064,2.7934438508331887,0.6328877019782201
99,529,43.726422425358024,2.7570085842532306,0.6262656730295565
100,14375,43.81080561570418,2.703957114516405,0.6144052778776827
101,2541,43.81547812740414,2.701049530445787,0.6113071467700875
102,12310,43.837432572841124,2.6874296452010986,0.6333428234987541
103,14094,44.15976042840899,2.49519400339562,0.6349755234637666
104,14421,44.329070858119465,2.3997901976779974,0.6421603381077946
105,16892,44.33401462833035,2.3970599623935573,0.635962942037326
106,20487,44.34920993319505,2.3886876685812397,0.6408746804546696
107,696,44.41046283551695,2.3552340822555755,0.6548825826475526
108,9472,44.413887595362766,2.3533775236537853,0.6551310838597251
109,17881,44.43556505463475,2.341660096915179,0.6617426851245518
110,14974,44.44051589813342,2.3389921866165735,0.6702986880344247
111,18596,44.454806906260195,2.3313080872642034,0.6732748750359357
112,12177,44.657231588589596,2.2251392886292622,0.668802828460367
113,2207,44.69520088191651,2.2057702384871,0.669448652954489
114,3062,44.7283813935711,2.188982156914718,0.6787491461941006
115,13949,44.72854051279227,2.188901957241507,0.679873965359442
116,6442,44.817917339083166,2.1443152141253146,0.6989883351229624
117,15311,44.83679338103316,2.1350154530880516,0.6916336321642024
118,9377,44.842328115918555,2.1322962801645673,0.6894452155476544
119,6325,45.02745635231432,2.043312188639009,0.7250069935446519
120,7947,45.03608276217551,2.0392575770822856,0.7278781241966806
121,3102,45.0422736519788,2.0363526760603885,0.7310883928348032
122,19655,45.05829842707098,2.0288527041835116,0.7326147409580748
123,10041,45.06250092215774,2.026890413628829,0.7296241936538552
124,15382,45.06244878488012,2.0269147466993482,0.7286029719674426
125,15747,45.061110847365555,2.0275392775560905,0.7282552352585008
126,7918,45.08662146946371,2.015664346209645,0.7251874140190174
127,15846,45.08710931663807,2.015437937408873,0.7265496036363275
128,4456,45.11814472532759,2.0010866209757774,0.7258668384490545
129,5116,45.13100260761618,1.9951708917526565,0.7168128205973461
130,13536,45.13563573203251,1.9930435458265836,0.7183966830778765
131,15103,45.23331276227584,1.9487183946719702,0.7040938020871367
132,2897,45.230485354997555,1.9499874908113979,0.7004393844362993
133,14515,45.23018466861417,1.9501225040360122,0.7005545312059295
134,9017,45.58912498482067,1.795427456736723,0.7146446136057317
135,3656,45.60709875191883,1.7880122326044467,0.7224467780500483
136,172,45.64474711314731,1.7725792028675442,0.7329308001363999
137,5809,45.74218979138691,1.7332506898703797,0.7355169283098681
138,6693,45.79350822343092,1.7128902547877638,0.7470446528433587
139,3107,45.78232019664597,1.7173085857683412,0.7506839201049141
140,14107,46.037233400021584,1.6194107610932817,0.7514639894623838
141,11626,46.045754610734015,1.616236460696718,0.752172032969981
142,16842,46.1305073935781,1.5850012954482178,0.7547062675757041
143,17005,46.00142768985762,1.6328172951866062,0.7500574393384245
144,17218,46.06186845087521,1.6102507710332783,0.7576848186776662
145,8706,46.27774497536344,1.5321661501704504,0.7854048726514038
146,15983,46.70958912616328,1.3871436823417609,0.7997878816183398
147,12816,47.08212194154559,1.2731165584515296,0.7868515473698885
148,15982,47.151758796956464,1.252865589091942,0.7982959880417121
149,17558,47.143902317940984,1.255134100710355,0.8067677986972044
150,4398,47.158510943808466,1.250919223199968,0.8063956585703624
151,11118,47.13810012211376,1.2568120867459263,0.8067911009283849
152,1690,47.1383524449196,1.2567390687470332,0.8049167095392382
153,10818,48.860117676284204,0.8454123605414057,0.8705692936369452
154,20335,49.02026769874787,0.8148048229579834,0.8806483951836361
155,14061,49.09493139662083,0.8009164638115277,0.8852325955396206
156,3806,49.1699715147263,0.7871965995283912,0.890307642423182
157,281,49.20235342671778,0.7813489235982874,0.892904940493353
158,276,49.51617602891034,0.7268800644481574,0.8918058787410411
159,9877,49.86601850546336,0.6706231022342007,0.9026843905133742
160,5595,49.7939223707897,0.6818488679436836,0.8911589850959167
161,4882,51.01812176003528,0.5143611810621926,0.9346077825699308
162,3130,51.12313319192539,0.5020732020167115,0.9358038819536699
163,4499,51.17318472466962,0.49632012830138106,0.9357825920309286
164,5490,51.22843275752578,0.49004626685797764,0.9353935865978591
165,14473,51.493741618803554,0.4610055979145415,0.9442207807108886
166,18246,53.11349610996732,0.3174905110210275,0.9506961521743614
167,3329,54.23549054682813,0.2452061204651192,0.9709195892850752
168,11900,54.23657157290884,0.24514509246807586,0.9698977294744944
169,2650,54.27698307917139,0.24287457461024456,0.9708522083424224
170,17932,54.294697667403184,0.24188592277905505,0.9716016972326555
171,20069,54.684938575503935,0.221098859991561,0.9811643297988967
172,13837,54.69480919888216,0.22059691822400068,0.9821049747224541
173,19452,54.69880575724555,0.22039400914640178,0.9823567196888909
174,15454,55.02459312822061,0.20446597511589382,0.9896988511995717
175,5337,55.196985819885654,0.19650869832051276,0.9930147880566553
176,17702,55.22069562748715,0.19543880482710912,0.9928572798335532
177,9010,55.25190438247847,0.19403939980789578,0.9933742324599143
178,17482,55.25283562667233,0.19399779700148173,0.9934170812341055
179,14504,55.27606531239235,0.19296290541908476,0.9937334171635841
180,17341,55.27661995700132,0.1929382633833805,0.993745927429478
181,12626,55.29119088059115,0.19229202493641748,0.9941143344459005
182,11537,55.29177765244146,0.19226604626755883,0.9941139341152786
183,4429,55.2958197943493,0.19208718028640467,0.9941446034904732
184,9356,55.29662033130804,0.1920517760337867,0.9941383946724157
185,19404,55.29590333296443,0.19208348543340473,0.9941200468939029
186,7757,55.30477693330199,0.191691416910761,0.9943301750000175
187,5050,55.30992795674641,0.19146419282900326,0.9944626043139704
188,18406,55.3518763099146,0.18962374953805153,0.995007530597027
189,8546,55.35313690250493,0.18956871692422714,0.9950857991008739
190,3433,55.351244176553095,0.18965135205828568,0.995026149504421
191,11526,55.35717548530374,0.1893925154908526,0.995162268656683
192,12516,55.35895552056274,0.18931490541511964,0.9951672111057821
193,4208,55.38303119220422,0.18826831758217716,0.9953601804179484
194,5677,55.38477325412434,0.18819281367645155,0.9954141789546718
195,8209,55.38504325505268,0.18818111409078997,0.9954178581544214
196,9926,55.385213990275574,0.1881737162273,0.9954076496484802
197,9830,55.38452316129873,0.18820365126009145,0.995366855370438
198,14969,55.384091375893725,0.18822236382334256,0.9953669426145029
199,5934,55.433811913773624,0.18607977381609173,0.995908329169815
200,5535,55.43461820634735,0.18604523024727884,0.9959326248828169
201,2596,55.436070136181385,0.18598304215080566,0.9959641022558835
202,5781,55.43587368845841,0.1859914550533423,0.9959518610277738
203,10074,55.438320352190445,0.18588670346000857,0.995988991702216
204,13275,55.44215695976248,0.18572256151410266,0.9960737443233287
205,7647,55.442338046167876,0.18571481766026415,0.9961074761891964
206,19849,55.44984546730095,0.18539405950543858,0.9962133957220076
207,19912,55.45084098814728,0.1853515670246844,0.996194866200439
208,1362,55.46064331777199,0.18493368736824464,0.9963785565298954
209,6771,55.46052350194331,0.18493878950276,0.996364428822714
210,3046,55.460269482536006,0.18494960691296372,0.9963585436563389
211,6051,55.46039036702364,0.18494445897113,0.9963630075390844
212,17961,55.464889851849854,0.18475294747477033,0.996431297261118
213,9576,55.4648079143609,0.18475643320531246,0.9964359677474843
214,10268,55.470017798270455,0.1845349285612236,0.996464438673827
215,15873,55.47046911315098,0.1845157528554546,0.9964808337052725
216,10423,55.47036154191265,0.184520323218347,0.9964824952071942
217,13002,55.472466149471906,0.18443092563163038,0.996542528570167
218,17465,55.47255346858057,0.18442721750665717,0.9965376869677532
219,10418,55.472292567223334,0.1844382972598453,0.9965382726647442
220,4280,55.48099516358788,0.18406908120568574,0.9967353109712102
221,998,55.480835588831795,0.18407584466218643,0.9967358789261108
222,17687,55.4811054716008,0.18406440602845472,0.9967326195103
223,8213,55.483018333636,0.18398335220416973,0.9967815951163579
224,10100,55.48299711181891,0.18398425124174678,0.9967750835013063
225,14600,55.48445882415826,0.18392233776849135,0.996813594055152
226,5911,55.4848926854106,0.18390396479959686,0.9968283853787945
227,15996,55.48536676102109,0.1838838909488645,0.9968331958025178
228,764,55.48639563888722,0.18384033256527768,0.9968500546398157
229,377,55.486719367079694,0.18382662940233963,0.9968506910418485
230,8377,55.49334971101649,0.1835461966754328,0.9969666881185467
231,2236,55.49354656361993,0.18353787726790652,0.9969632465170964
232,5215,55.493685703395876,0.18353199715404306,0.9969736320400199
233,3687,55.4950208450386,0.1834755830018924,0.9969959034892734
234,13684,55.495034032326025,0.18347502588185624,0.9969937511276566
235,15389,55.495108630323536,0.1834718743907491,0.9969937377591387
236,17962,55.49523783781594,0.1834664159773527,0.9969954839121097
237,15370,55.49525008666116,0.18346589852924836,0.9969958643523182
238,17169,55.49527222723174,0.18346496321243222,0.9969936257643732
239,12779,55.49549623560548,0.18345550036409475,0.9969956348923574
240,13452,55.495698113698715,0.18344697278951605,0.997009417222408
241,509,55.49632826834412,0.1834203568455835,0.9970338184032639
242,13105,55.49634938321529,0.18341946508021434,0.9970342340749576
243,17468,55.49642440302676,0.18341629672891888,0.9970296402274834
244,13202,55.49639142098254,0.18341768967025973,0.9970317150838832
245,9151,55.49686993869976,0.183397481313327,0.9970570225217613
246,17375,55.4968571785098,0.18339802016201967,0.9970551825598254
247,13989,55.4973610558599,0.1833767431825356,0.9970609380392832
248,19025,55.497368375203216,0.18337643413043736,0.9970594321064618
249,6757,55.49734122903118,0.18337758035356322,0.9970589323775942
250,14697,55.497379119655406,0.18337598045741718,0.9970589594277658
251,4914,55.49739369742387,0.18337536492850556,0.9970586942892611
252,10819,55.49738464851806,0.18337574700753334,0.9970581573238737
253,6390,55.4974074958679,0.18337478230754334,0.9970595386796232
254,6961,55.49738753066083,0.18337562531247834,0.9970547638728843
255,11889,55.49900563488247,0.18330731553277274,0.9970792581155935
256,8595,55.49897303885666,0.18330869135324937,0.9970788576442937
257,17415,55.498969780389736,0.1833088288879311,0.9970788576442937
258,4894,55.49913346435025,0.18330192017715233,0.9970851338810625
259,10995,55.49912911290048,0.18330210383813136,0.9970863423776629
260,15229,55.4991407897965,0.1833016109935711,0.9970853375159755
261,12102,55.49912060334171,0.18330246300031738,0.9970865418328219
262,14567,55.50049244082138,0.18324457106567746,0.9971083161328002
263,13925,55.5005241837612,0.18324323172097526,0.9971097909184723
264,1085,55.500501412829955,0.1832441925045323,0.997109629970941
265,2505,55.50050132349951,0.18324419627369945,0.997109629970941
266,5387,55.500538523797935,0.1832426266683108,0.997107430149015
267,9836,55.500565153136264,0.18324150309544832,0.9971071468807813
268,2828,55.50056758255675,0.18324140059114413,0.9971071468807813
269,17773,55.50055726876637,0.18324183576030154,0.9971065738568734
270,17535,55.500667759586264,0.18323717388133076,0.9971061718732813
271,19269,55.50084510702662,0.18322969140535725,0.9971090476133063
272,611,55.50134560492289,0.18320857651791933,0.9971167552219673
273,13307,55.501435848815746,0.18320476958873635,0.9971222522759439
274,7668,55.501786358955286,0.18318998410543766,0.9971312399444648
275,15104,55.50178330179628,0.18319011305966817,0.9971271774904275
276,18285,55.50180347017794,0.183189262337476,0.9971233391681888
277,10007,55.501954722523934,0.1831828824905387,0.9971266777656366
278,137,55.50192478742167,0.1831841451400651,0.9971278388598375
279,4953,55.50194842644689,0.18318314805559308,0.997132740176125
280,2390,55.50199140929264,0.18318133507054238,0.9971313410970684
281,13551,55.5019939648562,0.18318122727930247,0.9971323732810825
282,17542,55.50201611713423,0.18318029291994542,0.9971305502196337
283,15989,55.502217911145465,0.1831717816841679,0.9971375594373071
284,16720,55.50234960559883,0.18316622730967738,0.9971398977413956
285,8478,55.502389471267044,0.1831645459596171,0.9971420396909212
286,1828,55.50254978782589,0.18315778470223096,0.9971446868620768
287,10420,55.502494153648215,0.18316013101295514,0.997142954902225
288,18445,55.50253555712929,0.18315838486346736,0.997142954902225
289,8757,55.50258749801706,0.18315619433316666,0.9971474424542737
290,5495,55.50259069733529,0.1831560594074969,0.9971456125837226
291,19234,55.50259792985635,0.18315575438889586,0.9971456125837226
292,17601,55.502602149267105,0.18315557644305128,0.9971425965138278
293,2434,55.502622117150636,0.18315473433683915,0.9971432591319159
294,18658,55.50276748998755,0.1831486036400854,0.9971484233699415
295,18564,55.50265235918501,0.18315345894589705,0.9971482549595824
296,9396,55.50284413571271,0.18314537140153442,0.9971480456904089
297,6334,55.5028737790935,0.1831441213213049,0.9971480674757898
298,5726,55.50286609782363,0.18314444524452356,0.9971480701102552
299,5984,55.50290734369408,0.183142705891042,0.9971506505596108
300,9684,55.50291038882197,0.18314257747753732,0.9971501467626054
301,8794,55.50292350510525,0.1831420243629109,0.9971506505596108
302,13850,55.502907679859426,0.183142691714894,0.9971514243216225
303,14414,55.50339899172694,0.18312197418516316,0.9971616882498822
304,14478,55.503418236579094,0.18312116272021076,0.9971617902933418
305,6879,55.50342231495547,0.18312099075471147,0.9971619467853914
306,18908,55.50351402152234,0.18311712397288984,0.9971676311957314
307,7836,84.4828410824701,0.00023163077092712696,0.9999337142699941
308,3043,84.48969246980423,0.0002312656405737432,0.9999337142699941
309,20215,84.51717048745974,0.00022980703111900145,0.9999348536327065
310,11554,84.52587871688932,0.00022934669661884842,0.9999348536327065
311,20389,84.64175631663187,0.00022330822998121425,0.9999361422747539
312,954,84.66883387430153,0.0002219202706757687,0.9999400351973295
313,12438,84.67508505187554,0.0002216010713417147,0.9999398334832821
314,20426,84.68886116333827,0.00022089925161869646,0.9999400090944248
315,1572,84.68910226707264,0.00022088698847505875,0.9999365271854546
316,18439,84.72916251884484,0.00021885884803662416,0.9999425135481541
317,4573,84.80816859342139,0.00021491340327943077,0.9999410855060328
318,7557,84.7930750991107,0.000215661613917815,0.9999410855060328
319,13670,84.81695602906187,0.00021447899104308824,0.999941203592338
320,709,84.82778943955262,0.00021394464316624008,0.999941203592338
321,8608,84.84172698398248,0.0002132591443966714,0.9999407594114498
322,1821,84.90452340497532,0.00021019772939660382,0.9999384480256247
323,9351,84.8938814537068,0.00021071342945568972,0.9999384480256247
324,6721,84.91199447986426,0.0002098364415948635,0.9999386878556261
325,19378,84.97571258807056,0.00020678027190322462,0.9999402701793638
326,13057,84.97087822883104,0.00020701057800833243,0.9999402701793638
327,5215,85.05901788896516,0.00020285166277722415,0.9999400501123373
328,6408,85.07870011012109,0.00020193441930717155,0.9999418699617613
329,17833,85.1888122933562,0.0001968788806504749,0.9999488452005045
330,12991,85.25515483767688,0.00019389422632936937,0.999947991191282
331,9972,85.26697664278457,0.0001933671501308285,0.999948658961687
332,17216,85.28107011129207,0.0001927406635228294,0.9999468329289721
333,17777,85.56982504223475,0.00018034240484516155,0.9999512504714184
334,1687,85.61425611204278,0.0001785067938259024,0.9999512449171011
335,15950,85.7097788755547,0.0001746234134407995,0.9999516275864543
336,10368,85.68725791391518,0.0001755313000855152,0.9999512408112964
337,5889,85.77018837959295,0.0001722112515149136,0.9999501336691894
338,14973,85.77725845588866,0.00017193112910355603,0.999949921165832
339,10761,85.78067331946079,0.00017179599255278996,0.999949921165832
340,17705,85.80444267619939,0.0001708583048499263,0.999950919014167
341,17892,85.79529232512,0.00017121867361139857,0.999951683698455
342,10554,86.04595538114555,0.00016161617452737718,0.9999563313380053
343,6751,86.0999815581247,0.00015961812504318104,0.9999591238952237
344,10623,86.41953626594962,0.00014829507714365735,0.999961369961694
345,1493,86.43577740314794,0.0001477415396355985,0.9999598508294607
346,11294,86.46392466877914,0.0001467871012054475,0.9999600932245679
347,16194,86.53435637492457,0.00014442578055283317,0.9999626355825006
348,11598,86.55045669337916,0.00014389135143642734,0.9999622930497554
349,5529,86.55968330439114,0.00014358597793920547,0.9999631630749725
350,11691,86.59734572954152,0.00014234617049311974,0.9999634832666882
351,20332,86.60952471704049,0.00014194754611544485,0.9999631217479524
352,10037,86.58085552351207,0.0001428876877854796,0.9999631217479524
353,17203,86.57340137102709,0.00014313314823812546,0.9999623636376884
354,20055,86.69484675346624,0.00013918604213967697,0.9999631217479524
355,3507,86.69017044591666,0.00013933599276338623,0.9999640248001609
356,3295,86.7763014089369,0.00013659984922193276,0.9999645115710347
357,12617,86.8889829854615,0.00013310122800042241,0.9999654734517426
358,17268,86.9822975396606,0.00013027185787867218,0.9999665466564421
359,5671,86.9540466698034,0.0001311220389457206,0.9999661750115018
360,15131,86.94457093898968,0.00013140844221431385,0.9999661750115018
361,17924,87.10111949556887,0.00012675596657357377,0.9999656454419199
362,14950,87.07324285411984,0.00012757220892891709,0.9999651132275837
363,2022,87.07995056266827,0.00012737532484645553,0.9999651132275837
364,1423,87.08093421065632,0.00012734647845320186,0.9999651132275837
365,15095,87.2453925602222,0.00012261429484342732,0.9999682944677899
366,17411,87.2242556299775,0.00012321250803108382,0.9999686863830851
367,6334,87.38544598573783,0.00011872324605366261,0.9999680924723238
368,10105,87.38125899851646,0.00011883776107348687,0.9999676081762963
369,7767,87.38290766894885,0.00011879265639742708,0.9999676081762963
370,14035,87.3835935724706,0.00011877389634616843,0.9999676081762963
371,12616,87.39055946905432,0.00011858354082990347,0.9999669710934818
372,534,87.40922734963029,0.00011807491073065022,0.9999692705436006
373,6786,87.44255336870623,0.00011717231865193077,0.99997327625328
374,15932,87.46579499987979,0.00011654693610857293,0.9999704192178004
375,9528,87.49031039985523,0.00011589089607907909,0.9999724123957573
376,13219,87.54462366672061,0.00011445057902760126,0.9999726801315075
377,6369,87.55451540245198,0.00011419019658592992,0.9999727042277874
378,4755,87.5278894565897,0.00011489243006620716,0.9999722372740059
379,4686,87.54606172808879,0.00011441268775413858,0.9999723217135159
380,19618,87.5388833486967,0.00011460195490875417,0.9999736902218523
381,3915,87.55308328359612,0.00011422785787492621,0.9999736902218523
382,8348,87.56029220109029,0.00011403840666629769,0.9999736902218523
383,19953,87.57491254036829,0.00011365514668991439,0.9999736902218523
384,4577,87.56558605366992,0.00011389948371311129,0.9999736902218523
385,11537,87.63403197973277,0.00011211847006968196,0.9999750758252589
386,12717,87.62247121719395,0.00011241732298634559,0.9999739641241043
387,11386,87.64180480969804,0.00011191798435388602,0.9999744643407426
388,15142,87.65914129713937,0.00011147211241379211,0.9999741098600988
389,3718,87.65986370047986,0.00011145357173859881,0.999975571876221
390,11440,87.71220865049231,0.00011011829940640806,0.999975571876221
391,14550,87.70087548549854,0.00011040603472768785,0.999975571876221
392,5742,87.78775559699204,0.00010821932011677016,0.9999757619652256
393,20561,87.7537995592413,0.00010906876734917839,0.9999754240565664
394,2277,87.75474960773151,0.00010904491042972942,0.9999745873812752
395,3208,87.74723807223195,0.00010923367715588234,0.999974736353637
396,2111,87.76243802602406,0.00010885203641172302,0.999975152286141
397,605,87.79977004427107,0.0001079203528080275,0.9999756764798485
398,5992,87.84617815643558,0.00010677327043014937,0.9999761224317898
399,14627,87.85859701404094,0.00010646838330412515,0.9999760733438544
400,723,88.06540333551582,0.00010151729269955226,0.9999759352147256
401,19451,88.18432630492052,9.877515739220158e-05,0.9999761168753449
402,18532,88.17281097556335,9.903740750083765e-05,0.9999757632636465
403,19359,88.2061956584221,9.827901497872347e-05,0.9999766079050969
404,15341,88.2226714672423,9.790688068181782e-05,0.9999765591518242
405,8352,88.24858889651452,9.732434088786075e-05,0.9999760041848188
406,17296,88.24201563901303,9.747175752842255e-05,0.9999771694864132
407,14775,88.23981908626865,9.75210687718829e-05,0.9999770075108777
408,6837,88.3844343667997,9.432719589839137e-05,0.9999772190223025
409,15872,88.40394251298925,9.390443620706532e-05,0.9999773816765666
410,19250,88.39787073577622,9.40358137848369e-05,0.9999773816765666
411,1448,88.40065643328346,9.397551568116594e-05,0.9999769654833128
412,14740,88.61875840879799,8.93726262398405e-05,0.9999768825126826
413,17533,88.62339390992653,8.927728404501333e-05,0.9999768825126826
414,16011,88.61968608258098,8.93535378582184e-05,0.9999768825126826
415,20717,88.7190583414785,8.733222534519125e-05,0.9999809574342914
416,19083,88.87322073136731,8.428655193774917e-05,0.9999807718531043
417,13595,88.85527234046172,8.463560963933476e-05,0.9999807718531043
418,2915,88.87152406263996,8.431948680124072e-05,0.9999807718531043
419,16619,88.8649365162091,8.444748290550932e-05,0.9999807718531043
420,20211,88.84029237431935,8.492804431012113e-05,0.9999807718531043
421,19323,88.91140622360247,8.354870803282769e-05,0.9999807718531043
422,7943,88.96150918085559,8.259037590506147e-05,0.999980859655476
423,15472,88.9590338092745,8.263746380334118e-05,0.9999816150934806
424,13481,89.01122256342369,8.165036011756308e-05,0.999981070349278
425,17038,89.01073496253872,8.16595278653862e-05,0.9999812363888952
426,18233,89.0181728036192,8.151979530749098e-05,0.9999812363888952
427,13491,89.01332352208216,8.161087019735614e-05,0.9999812363888952
428,9072,89.01305112317692,8.161598916842692e-05,0.9999812363888952
429,2846,89.11077287342118,7.980003347399898e-05,0.9999822339198479
430,3907,89.09036496536578,8.017590380479144e-05,0.9999828399097649
431,14101,89.08129436380719,8.034353284264818e-05,0.999982684289841
432,19286,89.10253728453144,7.995150299980112e-05,0.9999829388442699
433,7882,89.1500029776676,7.90824404704566e-05,0.9999829388442699
434,19931,89.14823211584437,7.911469338555003e-05,0.999982684289841
435,2989,89.1552963979256,7.898610915679423e-05,0.999982684289841
436,3201,89.14844960179572,7.911073157985124e-05,0.9999821098770215
437,2971,89.19259445321745,7.831066565146177e-05,0.9999823218069357
438,18175,89.18920353356074,7.837183356420322e-05,0.9999823218069357
439,18828,89.19623019597638,7.82451344730626e-05,0.99998252305152
440,18006,89.19143174259503,7.833163410401514e-05,0.9999827772951116
441,9752,89.19110657226712,7.83374992664303e-05,0.9999827772951116
442,7468,89.18514002942214,7.844519698841421e-05,0.9999827772951116
443,13893,89.19386346161993,7.828778661907586e-05,0.9999829329150356
444,19233,89.22140361183524,7.779290681773931e-05,0.9999823877800564
445,12250,89.20158739482738,7.814867542656654e-05,0.9999827506104219
446,13145,89.19864348872315,7.820166720168877e-05,0.9999828961574079
447,1350,89.17345264864846,7.865658664842442e-05,0.9999831510440654
448,8169,89.17859323917257,7.856353870216987e-05,0.9999828961574079
449,8574,89.18592526054333,7.843101489670614e-05,0.9999828961574079
450,9118,89.19897430585225,7.819571053707143e-05,0.9999826842274939
451,4758,89.24158093886965,7.743231916979109e-05,0.9999839384394504
452,502,89.23626539335311,7.752715044735311e-05,0.999983629086199
453,15090,89.27649186117907,7.681237168631275e-05,0.9999842107410086
454,7056,89.29778504324717,7.643668724720975e-05,0.9999844381185024
455,4681,89.3143207976573,7.614620805153773e-05,0.9999840573719809
456,3843,89.3253805141484,7.595254128770049e-05,0.9999826757552212
457,13686,89.33668873653274,7.57550322148505e-05,0.999982422559734
458,15639,89.31868203476094,7.606977950080175e-05,0.9999830190944186
459,14626,89.32979492887483,7.587537805247203e-05,0.9999830190944186
460,12996,89.36969021506559,7.518156110443738e-05,0.9999827781500898
461,15951,89.44032551532922,7.39686699032535e-05,0.9999834811278746
462,14514,89.42841324235746,7.417183723859763e-05,0.9999834811278746
463,17144,89.43166242183993,7.411636624071039e-05,0.999983676403622
464,13260,89.52149719971788,7.259900037693851e-05,0.9999845766297235
465,18986,89.5535417941722,7.206529710572943e-05,0.999984915598415
466,10790,89.63084973060701,7.079382660636414e-05,0.999984915598415
467,2914,89.6334007672466,7.075225467255025e-05,0.9999840471779794
468,3356,89.64438277456645,7.057356941723475e-05,0.9999841548567444
469,2333,89.6761460579208,7.005929376367818e-05,0.9999841135220454
470,852,89.67612168339602,7.005968696848618e-05,0.9999841135220454
471,2051,89.6855509672474,6.99077402896659e-05,0.9999841135220454
472,6360,89.68202892104878,6.996445714133887e-05,0.9999843685731498
473,3674,89.69057630555733,6.982689494548335e-05,0.9999843685731498
474,19822,89.6808955228154,6.998271846945985e-05,0.9999839302221383
475,7961,89.73302119485537,6.914777996873907e-05,0.9999847756417031
476,9042,89.73351693279092,6.913988734685572e-05,0.9999844193629838
477,11804,89.75864394528143,6.874101909750134e-05,0.9999844193629838
478,3553,89.74742929277596,6.891875629558792e-05,0.9999844193629838
479,12585,89.8417751981068,6.743771413695912e-05,0.9999850831951278
480,6999,89.83833146053081,6.749121007133084e-05,0.9999856257197391
481,19456,89.83342364697774,6.756752269285875e-05,0.9999856257197391
482,14945,89.89941591462153,6.654857638109354e-05,0.9999839654730595
483,16298,89.89207188122876,6.666120696987738e-05,0.9999839654730595
484,9041,89.90024454616861,6.653588015959202e-05,0.9999847531959019
485,15561,89.93233261980427,6.604608800463443e-05,0.9999847531959019
486,18655,90.08126919198284,6.381950651290803e-05,0.9999854715180917
487,3086,90.14030702091245,6.295781669498685e-05,0.9999850373475796
488,6538,90.15456327875253,6.275148864625121e-05,0.9999853061036413
489,4311,90.14935634139096,6.28267691380807e-05,0.9999853061036413
490,17966,90.19228395942632,6.220882019530855e-05,0.999986559379434
491,5956,90.25308547032913,6.134396082255407e-05,0.999986559379434
492,1470,90.24114660767842,6.151282889197604e-05,0.9999851651780521
493,10070,90.245095671859,6.145692035309138e-05,0.9999853463998968
494,6179,90.24015660303067,6.152685276992639e-05,0.9999851651780521
495,2438,91.77061423426558,4.3253269124215264e-05,0.9999888076332838
496,18240,91.8000219984075,4.2961373843014404e-05,0.9999886413220636
497,16878,91.81054093314641,4.285744412000102e-05,0.9999886413220636
498,6015,91.80885146005477,4.2874119575731684e-05,0.9999886413220636
499,14122,91.80232043277691,4.293864323564952e-05,0.9999886413220636
500,9463,91.80652021043804,4.2897140155074096e-05,0.9999886413220636
501,11732,91.7990448056687,4.297104153803272e-05,0.9999896018234212
502,11250,91.81370076259913,4.282627334378821e-05,0.9999882064490104
503,13663,91.81325598893041,4.283065953217418e-05,0.9999886527376414
504,7511,91.82430055583139,4.2721875029763654e-05,0.9999886527376414
505,11087,91.81751252158551,4.278870164498328e-05,0.9999886527376414
506,5097,91.91092753896193,4.187816145943415e-05,0.9999883513655033
507,16141,91.91887520746695,4.180159373902723e-05,0.9999883513655033
508,9839,91.92682575102809,4.172513838850978e-05,0.9999883513655033
509,5884,91.9334974361243,4.166108892854735e-05,0.9999883513655033
510,14287,91.97784054038074,4.123787775042692e-05,0.9999912762248765
511,10070,92.03382666353903,4.070968055395221e-05,0.9999905586133946
512,19186,92.03481772315936,4.070039166838276e-05,0.9999903885215917
513,5513,92.02669483913874,4.077658741644038e-05,0.9999903499943757
514,1090,92.03321249579977,4.071543801611124e-05,0.9999908403484424
515,10399,92.12259986228034,3.9885989871984384e-05,0.99999086961693
516,2965,92.27046458736598,3.85508450260863e-05,0.9999912358787107
517,6741,92.26391488238659,3.8609028393872596e-05,0.9999914017702546
518,883,92.31973520680823,3.811595804039674e-05,0.9999918169742634
519,567,92.32364230669681,3.808168270580279e-05,0.9999918169742634
520,3556,92.30737520923338,3.82245903619608e-05,0.9999915529760097
521,5747,92.31182757395494,3.818542278888459e-05,0.9999916452822171
522,7152,92.85507940296387,3.369553998956864e-05,0.9999916793745626
523,5886,92.97666348276715,3.2765289729571825e-05,0.999992088532765
524,7465,92.96900201772533,3.2823142565815036e-05,0.9999919789284378
525,7320,92.98448898815948,3.270630346698638e-05,0.9999920491748209
526,14094,92.98654938456755,3.269079049818394e-05,0.9999919793831273
527,6901,93.01978662147735,3.244155768369822e-05,0.9999922903832634
528,12295,93.04951286023298,3.222026253927233e-05,0.9999919505109344
529,19931,93.0253886620042,3.239973772863511e-05,0.9999916043090605
530,8585,93.02675690911975,3.238953178150863e-05,0.9999913473445188
531,10735,93.03508281016205,3.232749698315533e-05,0.9999916043090605
532,3337,93.05724445104434,3.2162952975514156e-05,0.9999917812008194
533,2504,93.12825253621139,3.164135747165944e-05,0.9999917175394692
534,93,93.13042620589498,3.1625524746778896e-05,0.9999917175394692
535,4190,93.14105374328838,3.154822914152998e-05,0.9999917175394692
536,4451,93.08912103942185,3.192774579045409e-05,0.9999917529160154
537,7112,93.20308619649265,3.110081294558018e-05,0.9999917529160154
538,4665,93.22584255999689,3.0938275671826316e-05,0.9999917529160154
539,655,93.20913906555832,3.105749716939089e-05,0.9999922181620922
540,18704,93.2063351129979,3.107755541799884e-05,0.9999918303708848
541,7617,93.19515773749319,3.115764229677316e-05,0.9999920411975113
542,9073,93.19544654668874,3.11555703583119e-05,0.9999916889658539
543,11618,93.23874023147874,3.084653152202995e-05,0.9999918653665151
544,15412,93.23292010415356,3.088789771475211e-05,0.9999932876659461
545,14466,93.23882079251848,3.0845959328344106e-05,0.9999934335334869
546,16043,93.23900424678355,3.0844656363762174e-05,0.9999934335334869
547,20726,93.25528038832206,3.07292755680167e-05,0.9999934335334869
548,2849,94.01906184935743,2.5773546104612905e-05,0.9999931240678693
549,2235,94.04085198979178,2.564455467906971e-05,0.9999931240678693
550,11206,94.06800656711225,2.5484710481321926e-05,0.9999941689260512
551,2863,94.09175796546401,2.5345716003035435e-05,0.9999928023118237
552,8052,94.16387970052624,2.49282844027104e-05,0.9999940435967579
553,8260,94.10270815719207,2.528189045069686e-05,0.9999941911883483
554,5007,94.09853074440827,2.5306220417293312e-05,0.9999941911883483
555,5764,94.11611332538753,2.5203974313199147e-05,0.9999942627004423
556,1065,94.14146906166211,2.505725280822777e-05,0.9999942627004423
557,16390,94.14926641536161,2.5012305201848183e-05,0.9999942627004423
558,4079,94.1679748790713,2.4904789363295517e-05,0.9999941911883483
559,9454,94.16098185493266,2.494492344099518e-05,0.9999942627004423
560,17932,94.18163525872805,2.4826576444873394e-05,0.9999941911883483
561,19272,94.16446226535521,2.4924940734215526e-05,0.9999942627004423
562,2990,94.16288418187861,2.493399928455611e-05,0.9999942627004423
563,13464,94.17416810928444,2.4869299350106696e-05,0.9999941911883483
564,3170,94.16635437385422,2.491408394871375e-05,0.9999941911883483
565,13647,94.08992661345292,2.5356406149452827e-05,0.9999940239377554
566,11858,94.1408887042448,2.506060148863347e-05,0.9999940239377554
567,16360,94.13413604095561,2.5099597478684022e-05,0.9999940239377554
568,16905,94.16009681704152,2.4950007422726137e-05,0.9999940239377554
569,13416,94.14736021202367,2.502328600098443e-05,0.9999940239377554
570,3327,94.15605671496793,2.4973228412455067e-05,0.9999940239377554
571,1546,94.15788676004196,2.4962707324153542e-05,0.9999940239377554
572,19711,94.1617742716856,2.4940372388002536e-05,0.9999936666057673
573,328,94.16780470168726,2.4905765271375945e-05,0.9999939669759258
574,3544,94.26930313977252,2.4330444703619218e-05,0.9999941344899246
575,12161,94.27625843095642,2.4291510317285623e-05,0.9999938338563601
576,16587,94.39859799715181,2.3616773320591596e-05,0.9999939052565716
577,18358,94.40215525052126,2.359743702846045e-05,0.9999939052565716
578,1,94.40107311959862,2.3603317530970363e-05,0.9999939052565716
579,14729,94.41234405386916,2.3542140946009105e-05,0.9999942058901361
580,15595,94.42096894190912,2.3495433734789585e-05,0.9999942058901361
581,12645,94.39736040719153,2.3623504248024514e-05,0.9999942058901361
582,9471,94.41999227144305,2.3500718139182715e-05,0.9999940159735137
583,1487,94.39729372095468,2.362386699145335e-05,0.9999940159735137
584,7691,94.4751741110039,2.320400496741666e-05,0.9999940159735137
585,11975,94.48529544431891,2.3149990462808326e-05,0.9999940159735137
586,7829,95.68539346039952,1.7560667295410363e-05,0.999994470405832
587,3988,95.67973992472449,1.758354221351892e-05,0.999994470405832
588,17702,95.68895809179898,1.754625964664839e-05,0.999994470405832
589,17245,95.68525294501241,1.756123547759661e-05,0.999994470405832
590,2005,95.70363313664451,1.7487069947593254e-05,0.9999948791968377
591,5055,95.64227359335592,1.7735890610988673e-05,0.9999946596682668
592,11923,95.63328976149272,1.7772617113701766e-05,0.9999946596682668
593,3307,95.6419657972124,1.7737147645653515e-05,0.9999946596682668
594,1467,95.67588866682003,1.759914194909561e-05,0.9999949778297081
595,5442,95.68143491840488,1.757668092955668e-05,0.9999949778297081
596,3528,95.78654237169022,1.7156398438604684e-05,0.9999949778297081
597,18973,95.79166686829103,1.7136166531505352e-05,0.9999949778297081
598,6082,96.07957651196054,1.6036984508142572e-05,0.9999956034660544
599,6820,96.08438129492455,1.6019251926976866e-05,0.9999956737282744
600,18843,96.080365580003,1.6034071019025214e-05,0.9999954882278076
601,219,96.14659508964499,1.5791407906403084e-05,0.9999956034660544
602,16557,96.12424109204797,1.5872898957557387e-05,0.9999956034660544
603,13019,96.12353362061079,1.5875484884345694e-05,0.9999956034660544
604,5833,96.10135967271589,1.5956748263832908e-05,0.9999956034660544
605,9524,96.11398493495335,1.59104281754213e-05,0.9999956034660544
606,2127,96.10748486351156,1.5934259091108563e-05,0.9999956034660544
607,730,96.13678531125248,1.5827117616003375e-05,0.9999957889665212
608,16896,96.25852152481417,1.5389631056289226e-05,0.9999951214444793
609,11542,96.26011242729967,1.5383994577010713e-05,0.9999957889665212
610,6295,96.2599163355683,1.5384689207581218e-05,0.9999956034660544
611,10300,96.25698604769917,1.5395073125005262e-05,0.9999956034660544
612,16640,96.23299157770347,1.5480365239666928e-05,0.9999957889665212
613,6625,96.23751056614341,1.5464265746935985e-05,0.9999956034660544
614,4769,96.52962604729593,1.4458317455241991e-05,0.9999958434182376
615,9758,96.54076817290485,1.4421271183523696e-05,0.9999958434182376
616,14717,96.54735398475758,1.4399418775414513e-05,0.9999958434182376
617,10523,96.53734600094872,1.4432639395948085e-05,0.9999958434182376
618,17992,96.55500583101417,1.4374070737362504e-05,0.9999959067675229
619,14296,96.51281355842174,1.4514397241593061e-05,0.9999959067675229
620,7399,96.51339321113687,1.4512460134702944e-05,0.9999959067675229
621,2546,96.50108946877664,1.45536328291482e-05,0.9999962939811192
622,6337,96.50026574513697,1.4556393469421142e-05,0.9999962939811192
623,16523,96.50318888276472,1.4546599187747173e-05,0.9999962939811192
624,15712,96.59761684635578,1.4233728453271806e-05,0.9999959939171104
625,11820,96.62736984759266,1.4136548128864327e-05,0.9999951526753834
626,3410,96.65243751012358,1.4055186408312046e-05,0.9999956409694827
627,20120,96.67102136890293,1.399517147421752e-05,0.9999951526753834
628,181,96.67077292003769,1.3995972125406036e-05,0.9999951526753834
629,16433,96.75847981863966,1.3716154834817284e-05,0.99999529920249
630,12458,96.76941606629265,1.3681658757989872e-05,0.9999954875075804
631,15329,96.78255878063666,1.3640317609111955e-05,0.9999954875075804
632,6764,96.79184012118716,1.3611197909194498e-05,0.9999958211598072
633,1308,96.78526705178861,1.3631814124919557e-05,0.9999955375984901
634,638,96.80675348893266,1.356453816971646e-05,0.9999954609697501
635,2794,96.83018610650845,1.3491546986899178e-05,0.9999959828314976
636,3867,96.83545028392592,1.3475203497923465e-05,0.9999959370916345
637,11783,96.8400049866081,1.346107866437395e-05,0.9999956034394075
638,20704,96.82671308463463,1.3502340395547973e-05,0.9999959370916345
639,10171,96.80849484693476,1.3559100388857373e-05,0.9999957301103576
640,7633,96.82546540289317,1.3506220031242217e-05,0.9999957301103576
641,10540,96.81517965677357,1.3538245809964576e-05,0.9999957301103576
642,10609,96.8166738497178,1.3533588769004795e-05,0.9999957301103576
643,8912,96.78827461946454,1.362237711561504e-05,0.9999952835107231
644,268,96.78261149677896,1.3640152039299336e-05,0.9999952835107231
645,18889,96.8964487930825,1.328726147971379e-05,0.9999950267059238
646,4033,97.105933247826,1.2661554715517674e-05,0.9999952835107231
647,13831,97.10312242758857,1.266975211962649e-05,0.9999952835107231
648,15452,97.07930071027603,1.2739438595736382e-05,0.9999957360145854
649,347,97.14295444539944,1.2554080708019026e-05,0.9999954174616144
650,14288,97.12361306647566,1.2610115203537258e-05,0.9999952284428919
651,11204,97.13663556037247,1.257235990197134e-05,0.9999952284428919
652,12962,97.17010763027369,1.2475834296441072e-05,0.9999952284428919
653,6,97.16030528591256,1.2504024969921097e-05,0.9999951920094688
654,13658,97.16808993774399,1.2481631801831936e-05,0.9999951920094688
655,14980,97.2025290906399,1.2383045018545383e-05,0.9999955249904189
656,19826,97.19859073299075,1.2394279556761426e-05,0.9999955249904189
657,469,97.32288085943048,1.2044597038835832e-05,0.9999955249904189
658,5210,97.30727011320903,1.2087969333371289e-05,0.9999955249904189
659,8816,97.30986218597934,1.2080756820006934e-05,0.9999955249904189
660,6154,97.31583350570416,1.2064157831485708e-05,0.9999955249904189
661,12708,97.32658768686322,1.2034321017345602e-05,0.9999955249904189
662,18093,97.33404614267732,1.2013671337026906e-05,0.9999955249904189
663,15940,97.35086308049554,1.1967241433841014e-05,0.9999955249904189
664,20173,97.35973434402071,1.1942821092269055e-05,0.9999955249904189
665,19285,97.41755000282986,1.178488531649486e-05,0.9999955249904189
666,13465,97.39164582979157,1.1855388160160887e-05,0.9999955249904189
667,12513,97.33854074832463,1.2001244565389437e-05,0.9999955977275197
668,15775,97.3546189062607,1.1956896507548679e-05,0.9999955249904189
669,10378,97.36793841370468,1.1920281719989858e-05,0.9999955977275197
670,5445,97.28344670625914,1.2154460602504912e-05,0.9999954892817612
671,20095,97.22787757783912,1.2310979356900594e-05,0.9999953642013177
672,8638,97.24543463331891,1.2261310700008314e-05,0.9999953642013177
673,5716,97.3134024573545,1.2070912870371977e-05,0.9999953642013177
674,7349,97.32871530504158,1.2028426821030448e-05,0.9999953642013177
675,7645,97.30129546231825,1.2104610368555082e-05,0.9999953008429868
676,16819,97.31979723583709,1.205315210777991e-05,0.9999953642013177
677,677,97.33835674892448,1.2001753038020804e-05,0.9999953642013177
678,568,97.3412950386524,1.1993635803655713e-05,0.9999953642013177
679,12688,97.40731972556969,1.1812678613450904e-05,0.9999953642013177
680,17862,97.45034432438976,1.1696230769339418e-05,0.9999955523957382
681,5312,97.47954528754173,1.1617851797294909e-05,0.9999955523957382
682,18510,97.47749998383878,1.1623324496700168e-05,0.9999955523957382
683,14198,97.47648553518965,1.1626039853115349e-05,0.9999955523957382
684,15508,97.47654259750233,1.162588709861568e-05,0.9999955523957382
685,458,97.46800018637734,1.1648777291353286e-05,0.9999955523957382
686,555,97.47523909200402,1.1629377053671866e-05,0.9999955523957382
687,19735,97.48684640939246,1.1598336907078505e-05,0.9999955523957382
688,3988,97.45042786136864,1.1696005793332004e-05,0.9999955523957382
689,8050,97.43933113374992,1.172592865631077e-05,0.9999955523957382
690,6796,97.44215078309844,1.171831808842505e-05,0.9999955523957382
691,5505,97.44735577690115,1.1704282165836339e-05,0.9999955523957382
692,8268,97.42761164332876,1.1757613952477048e-05,0.9999953072014794
693,8711,97.3327433229316,1.2017275802834303e-05,0.9999955523957382
694,15150,97.30503510365065,1.2094191765644511e-05,0.9999955523957382
695,13435,97.30151098952348,1.210400966828886e-05,0.9999955523957382
696,16499,97.28401293213587,1.2152876027573834e-05,0.9999955523957382
697,8724,97.50659750600201,1.1545709079718799e-05,0.9999955523957382
698,17703,97.52831730772323,1.1488111183924656e-05,0.9999955523957382
699,11075,97.54178050608544,1.145255299956021e-05,0.9999955523957382
700,19630,97.72091527384036,1.0989775823185759e-05,0.9999955523957382
701,6034,97.77443392491628,1.0855178477276974e-05,0.9999954890374073
702,11147,97.77561302127545,1.0852231729246486e-05,0.9999954890374073
703,16313,97.78600764925929,1.082628849777378e-05,0.9999954890374073
704,3265,97.80390002943447,1.078177731956265e-05,0.9999955523957382
705,2214,97.80498959965682,1.077907269620209e-05,0.9999954890374073
706,14366,97.8579435658267,1.064844039564807e-05,0.9999955523957382
707,16500,97.8531406357677,1.066022318528318e-05,0.9999955523957382
708,17709,97.78932797317827,1.0818014607958776e-05,0.9999955523957382
709,1693,97.84008601162245,1.069231536778632e-05,0.9999955523957382
710,8451,97.79600839368035,1.0801386873732184e-05,0.9999954890374073
711,13257,97.82078880998064,1.0739930719945915e-05,0.9999954890374073
712,12917,97.82568653387635,1.072782566949124e-05,0.9999954890374073
713,3900,97.83420705555042,1.0706799138614066e-05,0.9999954890374073
714,10692,97.8731514201929,1.0611217558938865e-05,0.999995451085334
715,12569,97.94161887306254,1.0445241211162927e-05,0.9999960079028263
716,20170,97.93814777550863,1.045359290467281e-05,0.9999960079028263
717,12267,98.09793221191144,1.0075976354900143e-05,0.999996091187979
718,8604,98.10496414603556,1.0059674911039582e-05,0.9999961540797629
719,6179,98.13486920105703,9.990643007994085e-06,0.9999961540797629
720,12965,98.08776418181245,1.0099594628659503e-05,0.9999961540797629
721,4959,98.06257747368754,1.0158336933784953e-05,0.999996091187979
722,8560,98.07607054181105,1.012682503763948e-05,0.999996091187979
723,19548,98.08185984114616,1.0113334614626043e-05,0.999996091187979
724,19661,98.05998873299347,1.016439391597096e-05,0.999996091187979
725,9512,98.10172602851927,1.0067178242930995e-05,0.999996091187979
726,18570,98.05312478647976,1.0180471260163435e-05,0.9999961540797629
727,7947,98.0521898198252,1.0182663188959683e-05,0.999996091187979
728,12486,98.05371781533536,1.0179081212328648e-05,0.999996091187979
729,16271,98.03143063128566,1.0231452626756128e-05,0.999996091187979
730,9544,98.0296857360729,1.0235564214712373e-05,0.999996091187979
731,4182,98.04718725432345,1.0194399186335004e-05,0.999996091187979
732,16927,97.992809811265,1.0322844367451872e-05,0.999996091187979
733,13573,98.00547087381021,1.0292793824494493e-05,0.9999961540797629
734,17522,98.00920014157222,1.0283959241010667e-05,0.999996091187979
735,5071,98.0276174792276,1.0240439896609368e-05,0.999996091187979
736,9656,98.01202843415867,1.0277264111790208e-05,0.999996091187979
737,14687,98.0127588911793,1.0275535683558415e-05,0.999996091187979
738,8291,98.02444140493125,1.0247931655090128e-05,0.999996091187979
739,9827,98.10254345797524,1.0065283576069039e-05,0.999996091187979
740,4741,98.15029392524886,9.95522243938194e-06,0.999996091187979
741,18147,98.1647956963894,9.922035835064783e-06,0.999996091187979
742,3714,98.14709697226412,9.962553431692301e-06,0.999996091187979
743,2880,98.13993973616198,9.978985400702711e-06,0.999996091187979
744,3431,98.14484860522487,9.967712437128609e-06,0.9999962127935892
745,14505,98.11201738736428,1.0043350566053658e-05,0.9999962127935892
746,15188,98.11861016355246,1.0028115896232025e-05,0.9999962127935892
747,3034,98.12582834875307,1.0011462523796167e-05,0.9999962127935892
748,8146,98.12519174451336,1.00129301470081e-05,0.9999962127935892
749,20174,98.11137511647792,1.004483597029963e-05,0.9999962127935892
750,2067,98.11863679059891,1.0028054412998817e-05,0.9999962127935892
751,1480,98.13242384822196,9.996269956415848e-06,0.9999962127935892
752,11936,98.1450780225744,9.96718590366687e-06,0.9999962127935892
753,15871,98.14072734899297,9.9771758303242e-06,0.9999964024972647
754,4826,98.11919373883349,1.0026768476997593e-05,0.9999962127935892
755,12218,98.15403290826981,9.946655351651157e-06,0.9999959029321511
756,20177,98.13237447259718,9.996383606231997e-06,0.9999959029321511
757,18533,98.13490828047861,9.990553108902616e-06,0.9999959029321511
758,19271,98.13569552860895,9.988742279666672e-06,0.999996091187979
759,9242,98.03806850353101,1.0215826547430152e-05,0.999996091187979
760,5713,98.04416881439619,1.020148697552296e-05,0.9999959029321511
761,9216,98.05049667003415,1.0186633797836522e-05,0.999996091187979
762,8481,98.10876358035289,1.0050878032043553e-05,0.999996091187979
763,436,98.14930144457202,9.957497737680315e-06,0.9999962162684226
764,16082,98.15773144058403,9.938188201472656e-06,0.9999962162684226
765,6929,98.16736463949255,9.916168477915856e-06,0.9999962162684226
766,13263,98.16398224533606,9.92389444638931e-06,0.9999962162684226
767,19234,98.16492789940509,9.921733804265646e-06,0.9999962162684226
768,12894,98.15027967847897,9.955255096945409e-06,0.9999962162684226
769,5090,98.14948090647954,9.957086276173988e-06,0.9999962162684226
770,16127,98.13728042493389,9.985097694421212e-06,0.9999962162684226
771,7678,98.12582086937893,1.0011479765447072e-05,0.9999962162684226
772,9881,98.16978337299162,9.91064736442992e-06,0.9999965275777082
773,15985,98.20145576901892,9.838633523672515e-06,0.9999965275777082
774,20070,98.16861557894333,9.913312641486542e-06,0.9999965275777082
775,290,98.15590342492902,9.942372225984746e-06,0.9999965275777082
776,16834,98.15840894616132,9.936637950882348e-06,0.9999960280125948
777,3661,98.15934027791683,9.934507296535214e-06,0.9999963378740327
778,1290,98.15942376258818,9.934316326780886e-06,0.9999960280125948
779,20044,98.2291318711715,9.776134630341708e-06,0.9999965275777082
780,2821,98.21007848956211,9.819118741000136e-06,0.9999963378740327
781,3190,98.20440997693291,9.831943250855218e-06,0.9999960341100803
782,8023,98.19529409304334,9.852602270597275e-06,0.9999958888821985
783,16158,98.17825913747981,9.891324439187764e-06,0.9999959526978532
784,12100,98.17883938052672,9.890002988172435e-06,0.9999957626674958
785,12575,98.40220481547065,9.394201673414983e-06,0.9999966569210942
786,20389,98.3945441256531,9.410787095822307e-06,0.9999966569210942
787,1937,98.46664564344513,9.25583910266001e-06,0.9999966569210942
788,1481,98.45900148241304,9.272144957683927e-06,0.9999966569210942
789,8334,98.46289051918649,9.26384561850625e-06,0.9999966569210942
790,11022,98.49027414370528,9.20561794113119e-06,0.9999966569210942
791,2007,98.48986169748412,9.206492233296525e-06,0.9999966569210942
792,12201,98.49149392375794,9.2030327707315e-06,0.999996619497598
793,14807,98.489956783291,9.206290665651524e-06,0.999996619497598
794,19844,98.49370883696251,9.198340396636829e-06,0.999996619497598
795,20205,98.54040671031642,9.099964327012686e-06,0.9999966569210942
796,3983,98.54117446351259,9.098355761976863e-06,0.9999966569210942
797,10933,98.55068207623377,9.078459348741454e-06,0.999996619497598
798,15614,98.53065505751886,9.120420353740684e-06,0.9999966569210942
799,17003,98.58237569634406,9.012448400304891e-06,0.9999966569210942
800,11435,98.60942726187807,8.956485655460206e-06,0.9999966569210942
801,5973,98.66401485793529,8.844613817924893e-06,0.9999966569210942
802,6348,98.64931211662109,8.87460739230548e-06,0.9999966569210942
803,5779,98.6360810098567,8.901685775829075e-06,0.9999966569210942
804,15159,98.623259539555,8.928004631990056e-06,0.9999966569210942
805,1881,98.61871581530353,8.93735027674698e-06,0.9999966569210942
806,12104,98.66560937570992,8.841367102643232e-06,0.9999966569210942
807,16922,98.98111133158457,8.221843913359385e-06,0.9999966569210942
808,8058,99.0020410792252,8.182316095364312e-06,0.9999966569210942
809,13968,98.9876858667368,8.209406751599076e-06,0.9999966569210942
810,2753,98.99276064832651,8.199819566680052e-06,0.9999968241409891
811,1537,99.02382879455958,8.141369791623838e-06,0.999996619497598
812,19806,98.99892750639174,8.188184319035243e-06,0.999996619497598
813,5151,99.00701165014085,8.172956658670744e-06,0.999996619497598
814,15463,98.98417007496101,8.2160552935014e-06,0.999996619497598
815,14527,98.96730172539974,8.248029172332967e-06,0.999996619497598
816,14743,98.99379161235798,8.197873256961032e-06,0.999996619497598
817,11196,98.98824817656606,8.208343894144672e-06,0.999996619497598
818,260,99.01579993843492,8.156434764368373e-06,0.9999967867174928
819,7413,99.02408474690078,8.140889992468618e-06,0.9999968238394028
820,4011,99.03631040297302,8.118005114039142e-06,0.9999968238394028
821,8069,99.0005044864416,8.185211621989836e-06,0.9999968238394028
822,13929,99.00730800860332,8.172398962837562e-06,0.9999968238394028
823,5877,99.03107599392435,8.12779537828944e-06,0.9999968238394028
824,8013,99.0364662825427,8.1177137429794e-06,0.9999968238394028
825,5311,99.00830313968643,8.17052657511468e-06,0.99999690525163
826,3475,98.99993722910844,8.186280810007465e-06,0.9999968238394028
827,19406,98.98061931487682,8.222775427320155e-06,0.9999966327707496
828,6268,98.99999446023955,8.186172932278699e-06,0.9999962486142717
829,5517,98.99752312141545,8.190832573388924e-06,0.9999962486142717
830,10084,99.00401786594938,8.178592581958298e-06,0.9999962486142717
831,10436,99.00407867632293,8.178478065240064e-06,0.9999962486142717
832,702,98.99879667908807,8.188430984433067e-06,0.9999962486142717
833,17231,99.00295050670226,8.180602869813693e-06,0.9999962486142717
834,16227,98.94374706429241,8.292885219792521e-06,0.9999962486142717
835,4234,98.93932456597186,8.30133431421304e-06,0.9999962486142717
836,106,98.94737608507539,8.285958472237326e-06,0.9999962114749559
837,4415,98.97690681968066,8.229807537333784e-06,0.9999961501363273
838,15297,99.15368626031822,7.901539851887632e-06,0.9999957655316035
839,13444,99.16903302083747,7.873667281066227e-06,0.9999957655316035
840,12416,99.15691190532243,7.895673302636736e-06,0.9999957655316035
841,10159,99.15949747478771,7.890974017501237e-06,0.9999957655316035
842,9612,99.17651119801681,7.86012116966398e-06,0.9999957655316035
843,5921,99.14452810509708,7.918219750706438e-06,0.9999957655316035
844,12106,99.15116886620824,7.906121318342615e-06,0.9999957655316035
845,12004,99.1421036490901,7.922641343823473e-06,0.9999957655316035
846,17630,99.13417036655414,7.937126905202954e-06,0.9999957655316035
847,18364,99.13351530391041,7.938324182093741e-06,0.9999957655316035
848,20300,99.17758330080956,7.858181053414838e-06,0.9999959555634158
849,17879,99.16114963629651,7.88797267058811e-06,0.9999959555634158
850,1428,99.16431067974273,7.882233442189548e-06,0.9999959555634158
851,20680,99.22135438215355,7.77937886483649e-06,0.9999959555634158
852,13279,99.2190076127473,7.783583694167412e-06,0.9999959555634158
853,16726,99.21824998172296,7.784941666497042e-06,0.9999959555634158
854,9487,99.2646275184393,7.702249967320709e-06,0.9999960369622001
855,3063,99.25149742684631,7.725571534084445e-06,0.9999960369622001
856,15171,99.25674347235712,7.71624509012702e-06,0.9999965215888279
857,15595,99.2630466218842,7.705054211312438e-06,0.9999960369622001
858,2176,99.29942500966501,7.640782896311902e-06,0.9999960369622001
859,18997,99.2920915155087,7.653696017449788e-06,0.9999960369622001
860,8304,99.58518911898766,7.154206128359419e-06,0.9999965215888279
861,7005,99.60762226405046,7.117346909435934e-06,0.9999965215888279
862,18693,99.60893859690016,7.1151899909746516e-06,0.9999965215888279
863,12624,99.59612528250773,7.136213465617955e-06,0.9999965215888279
864,8514,99.59920367611116,7.131156921990308e-06,0.9999965215888279
865,2598,99.60735299577459,7.117788207961274e-06,0.9999965215888279
866,1023,99.59449820243243,7.138887541978409e-06,0.9999965215888279
867,13172,99.56901052565581,7.180907100712817e-06,0.9999965215888279
868,9009,99.62018028661848,7.096796175692938e-06,0.9999965215888279
869,6761,99.59958016853848,7.1305387446198914e-06,0.9999965215888279
870,20165,99.61574897652355,7.104041064884865e-06,0.9999965215888279
871,19533,99.71452345572891,6.944292657619538e-06,0.9999967147263007
872,8299,99.69730109173766,6.971885590878464e-06,0.9999967147263007
873,16202,99.72046404487286,6.934800253357624e-06,0.9999967147263007
874,3552,99.74903072691012,6.8893347613921945e-06,0.9999967147263007
875,19524,99.88240003330552,6.680982859395773e-06,0.9999967147263007
876,13024,99.86553617805457,6.7069758576531855e-06,0.9999967147263007
877,8537,99.89383619615823,6.663413145289815e-06,0.9999967147263007
878,9254,99.86628823749108,6.705814524045286e-06,0.9999967147263007
879,5774,99.86806375709565,6.703073556300706e-06,0.9999967147263007
880,211,99.90243410181486,6.650234363080384e-06,0.9999967147263007
881,1384,99.9088832402953,6.640366299820975e-06,0.9999967147263007
882,9702,99.9037617731982,6.648201646394908e-06,0.9999967147263007
883,5233,99.89068522001074,6.668249466127722e-06,0.9999967147263007
884,9663,99.91501005284114,6.631005003039477e-06,0.9999967147263007
885,7837,99.91635127705918,6.628957477292732e-06,0.9999967147263007
886,13987,99.93587427922917,6.599224955903472e-06,0.9999967147263007
887,562,99.93069358675876,6.607101858860864e-06,0.9999967147263007
888,19975,99.92455320604216,6.616450081460521e-06,0.9999967147263007
889,20472,99.90527706316081,6.645882437562012e-06,0.9999967147263007
890,16041,99.90513971104612,6.646092626841353e-06,0.9999967147263007
891,4306,99.89819541279331,6.656728121770356e-06,0.9999967147263007
892,11942,99.89598259154583,6.660120728247675e-06,0.9999967147263007
893,7779,99.89381853304022,6.663440246000752e-06,0.9999967147263007
894,16073,99.88185297762729,6.681824477229465e-06,0.9999967147263007
895,16205,99.87729465149516,6.688841357759143e-06,0.9999967147263007
896,8359,99.88073315539113,6.683547598450844e-06,0.9999967147263007
897,15089,99.86369852670714,6.709814413446465e-06,0.9999967147263007
898,12326,99.85576233853506,6.72208696947263e-06,0.9999967147263007
899,2116,99.88718984352172,6.673618501544874e-06,0.9999967147263007
900,1800,99.85495980930187,6.723329253221309e-06,0.9999967147263007
901,14005,99.89906694155147,6.655392404150763e-06,0.9999967147263007
902,10568,99.95599560118544,6.568720768938385e-06,0.999996899138966
903,7665,99.94814494379496,6.580605657289353e-06,0.999996899138966
904,12686,99.94123619598766,6.591082402401477e-06,0.9999965141884295
905,2792,99.93819885816323,6.595693638980465e-06,0.9999965141884295
906,4006,99.9324391685183,6.604446766642754e-06,0.9999965141884295
907,8447,99.92316234928217,6.61856938263752e-06,0.9999965141884295
908,13266,100.0893199081249,6.370131095063521e-06,0.9999965141884295
909,3507,100.08989755444975,6.369283873128508e-06,0.9999965141884295
910,8157,100.14446102535376,6.2897626656594184e-06,0.9999965141884295
911,12954,100.13937185783317,6.297137481452941e-06,0.9999965141884295
912,4901,100.13706034816292,6.300489992048084e-06,0.9999965141884295
913,17512,100.12772805182729,6.31404329774302e-06,0.9999965141884295
914,9997,100.13623868430142,6.301682126625776e-06,0.9999965141884295
915,4190,100.1364740122542,6.301340671268069e-06,0.9999965141884295
916,15555,100.15331195080606,6.27695717691351e-06,0.9999965141884295
917,11415,100.14630367155348,6.287094579968024e-06,0.9999965141884295
918,13976,100.16655923092458,6.257839752639897e-06,0.9999965141884295
919,12731,100.1748665001775,6.245881076183548e-06,0.9999965141884295
920,4069,100.13742440104197,6.299961867588136e-06,0.9999965141884295
921,1717,100.14502514552174,6.288945719627071e-06,0.9999965141884295
922,15936,100.15544043622512,6.273881582141519e-06,0.9999965141884295
923,1638,100.19220123188654,6.22100052049916e-06,0.9999965141884295
924,15430,100.22631497694476,6.1723261038666796e-06,0.999996899138966
925,18428,100.28405793965307,6.0908031953383795e-06,0.999996899138966
926,5951,100.29467327120426,6.075933805070352e-06,0.999996899138966
927,19215,100.28395941551133,6.090941373001053e-06,0.999996899138966
928,4586,100.2730637916817,6.1062415728644925e-06,0.999996899138966
929,14322,100.26620078869776,6.115898680088451e-06,0.999996899138966
930,5904,100.26902303956993,6.111925571071296e-06,0.999996899138966
931,3962,100.25370312919566,6.133523703059672e-06,0.999996899138966
932,15407,100.27368720652899,6.1053651057187235e-06,0.999996899138966
933,10943,100.34589033556003,6.0047001764036045e-06,0.99999678052908
934,4245,100.24571994223666,6.144808695105734e-06,0.999996899138966
935,7326,100.28019877903562,6.096217916314963e-06,0.999996899138966
936,17032,100.24194083257369,6.150158063643473e-06,0.9999965961164146
937,367,100.25082538522031,6.137589276262466e-06,0.9999965961164146
938,1624,100.22136561815955,6.17936429377152e-06,0.9999965961164146
939,1093,100.21274949229525,6.191635927934232e-06,0.9999965961164146
940,9851,100.21515479714525,6.188207689909594e-06,0.9999965961164146
941,10296,100.20615989678484,6.201037692656995e-06,0.9999965961164146
942,9795,100.20103232084455,6.2083633831331065e-06,0.9999965961164146
943,10531,100.19916386838007,6.211034963829802e-06,0.9999965961164146
944,18924,100.2184420749927,6.183525461136852e-06,0.9999965961164146
945,2677,100.32656698321688,6.031476812397885e-06,0.9999965961164146
946,3925,100.33413055000958,6.020981681145975e-06,0.9999965961164146
947,10386,100.29148532874983,6.0803954869607295e-06,0.9999965961164146
948,923,100.33554822842743,6.019016557685561e-06,0.9999965961164146
949,7837,100.32502477235579,6.0336190134161485e-06,0.9999965961164146
950,1786,100.32649202241626,6.031580918770764e-06,0.9999965961164146
951,14837,100.28383547661181,6.091115198682501e-06,0.9999965961164146
952,18001,100.29627948884176,6.07368706513681e-06,0.9999962134640548
953,12234,100.29908264077413,6.0697680712319945e-06,0.9999963975902014
954,13807,100.30511374376168,6.061344756855441e-06,0.9999963975902014
955,16411,100.30614355179091,6.0599076486819166e-06,0.9999964050398267
956,1187,100.34407380033143,6.007212303862552e-06,0.9999965895168018
957,13397,100.39226867181483,5.9409171197672044e-06,0.9999965216380549
958,5128,100.38426235532467,5.951879435681512e-06,0.99999670611503
959,6899,100.39219348040686,5.941019978497528e-06,0.99999656039755
960,8460,100.47083026747457,5.83441522856847e-06,0.99999656039755
961,4257,100.46605919263459,5.840828325843684e-06,0.999996744874525
962,12121,100.45233262656515,5.859318395368476e-06,0.999996744874525
963,349,100.46343301649381,5.844361339345227e-06,0.999996744874525
964,703,100.47300840370926,5.8314898022754255e-06,0.999996744874525
965,550,100.45801881605483,5.85165184776397e-06,0.999996744874525
966,19014,100.49425602791301,5.803029229394092e-06,0.999996744874525
967,2165,100.44823557590661,5.864848571830861e-06,0.999996744874525
968,12308,100.45749243281352,5.852361135648047e-06,0.999996744874525
969,13807,100.43354635017197,5.884718946912768e-06,0.999996744874525
970,5577,100.4379816785416,5.878712115470687e-06,0.999996744874525
971,6942,100.46437591956597,5.843092599280566e-06,0.999996744874525
972,6891,100.45609862744104,5.854239667800015e-06,0.999996744874525
973,7756,100.5014785464491,5.793386543145964e-06,0.999996744874525
974,4733,100.52240529328584,5.765537902691777e-06,0.999996744874525
975,12760,100.55111626737175,5.727547955524356e-06,0.999996744874525
976,14097,100.54250466253238,5.738916350849591e-06,0.999996744874525
977,11369,100.59017283784686,5.676270417729481e-06,0.9999963688217781
978,11173,100.59012275805854,5.676335872869237e-06,0.9999963688217781
979,6854,100.58313389952885,5.685477837000891e-06,0.9999963688217781
980,16084,100.60062815716134,5.6626216511742005e-06,0.9999963688217781
981,4186,100.59698346455778,5.667375839558992e-06,0.9999963688217781
982,14818,100.5965538600044,5.667936484695822e-06,0.9999963688217781
983,16607,100.61309002377399,5.6463963267992724e-06,0.9999963688217781
984,8119,100.62240323806347,5.634300903675249e-06,0.9999963688217781
985,19866,100.61569688011488,5.643008089574257e-06,0.9999962134640548
986,10846,100.65727760422448,5.589237966289652e-06,0.9999962134640548
987,14164,100.6393667993471,5.6123362249200215e-06,0.9999963688217781
988,12933,100.65274414886416,5.595075431769254e-06,0.9999963688217781
989,11893,100.66856403921935,5.574731525350683e-06,0.9999963688217781
990,12867,100.68171253683457,5.557879251083364e-06,0.9999963688217781
991,7730,100.69391638885855,5.542283306649084e-06,0.9999963688217781
992,8393,100.69224217469346,5.544420280146673e-06,0.9999963688217781
993,4928,100.67014032471309,5.572708526143372e-06,0.9999963688217781
994,10915,100.729856915753,5.496606780887193e-06,0.9999964874281579
995,9777,100.72395716083797,5.504078823670099e-06,0.9999964874281579
996,1293,100.71774816130743,5.511953495200134e-06,0.9999964874281579
997,1819,100.74922319118551,5.472150607302037e-06,0.9999964874281579
998,1447,100.72751134311085,5.4995762343912655e-06,0.9999964874281579
999,20535,100.73846990386293,5.485716636762192e-06,0.9999964874281579
1000,4957,100.7670443049142,5.449741847513297e-06,0.9999964874281579
